# This file uses centimeters as units for non-parametric coordinates.

g default
v -18.589068 74.055849 0.079049
v -18.350711 74.025720 -0.376800
v -18.147202 73.846824 -0.730028
v -17.995947 73.536618 -0.941872
v -17.910503 73.126499 -0.994054
v -17.899495 72.658414 -0.889823
v -17.965089 72.180145 -0.649421
v -18.102025 71.739616 -0.303018
v -18.298084 71.379599 0.115080
v -18.535468 71.133657 0.569030
v -18.792224 71.023669 1.021858
v -19.043515 71.058756 1.435852
v -19.263425 71.235091 1.774281
v -19.427831 71.536278 2.004474
v -19.518036 71.934334 2.101389
v -19.523970 72.391858 2.050893
v -19.445762 72.865069 1.852290
v -19.290674 73.309458 1.517871
v -19.084344 73.677095 1.082873
v -18.841450 73.935240 0.584773
v -31.482201 73.060394 -8.696752
v -18.663439 72.546673 0.564549
v -24.552109 74.689946 -6.377611
v -24.528637 74.686395 -6.194633
v -24.493811 74.636059 -6.017368
v -24.451658 74.543607 -5.863083
v -24.406508 74.417930 -5.746711
v -24.363633 74.270597 -5.678593
v -24.323434 74.118311 -5.667811
v -24.292084 73.974112 -5.712873
v -24.270738 73.853183 -5.810328
v -24.261081 73.767580 -5.950794
v -24.264281 73.725714 -6.120687
v -24.280856 73.731443 -6.303509
v -24.310308 73.783866 -6.481385
v -24.350668 73.877490 -6.636824
v -24.398275 74.002995 -6.754440
v -24.447915 74.148236 -6.822697
v -24.494050 74.298977 -6.834337
v -24.530779 74.441087 -6.788660
v -24.553911 74.560840 -6.690064
v -24.561098 74.646615 -6.548368
v -28.353583 74.742472 -8.094077
v -28.321023 74.746802 -7.951445
v -28.275757 74.715424 -7.816034
v -28.222215 74.651450 -7.700788
v -28.166014 74.560955 -7.618172
v -28.112459 74.452887 -7.574985
v -28.066795 74.337830 -7.575448
v -28.033902 74.226871 -7.620764
v -28.016881 74.130897 -7.706631
v -28.016913 74.059532 -7.823798
v -28.033848 74.019809 -7.960724
v -28.066031 74.015633 -8.104001
v -28.110440 74.047340 -8.239516
v -28.162947 74.111752 -8.353672
v -28.218475 74.202522 -8.436445
v -28.271595 74.310762 -8.479737
v -28.317328 74.425809 -8.478089
v -28.351213 74.536402 -8.431337
v -28.369445 74.631864 -8.345963
v -28.370251 74.702881 -8.230032
v -31.234201 73.541408 -8.712764
v -31.229656 73.541489 -8.683831
v -31.223043 73.533531 -8.650846
v -31.214409 73.519298 -8.623594
v -31.204504 73.500455 -8.606612
v -31.194616 73.478269 -8.597702
v -31.185720 73.454907 -8.597733
v -31.178670 73.432652 -8.606695
v -31.173882 73.414251 -8.627586
v -31.171929 73.401252 -8.656482
v -31.173504 73.393960 -8.684004
v -31.177799 73.394306 -8.715727
v -31.184617 73.401837 -8.745703
v -31.193492 73.415516 -8.769099
v -31.203012 73.434868 -8.789186
v -31.212860 73.457087 -8.798103
v -31.221739 73.480446 -8.798074
v -31.229133 73.502198 -8.786006
v -31.233673 73.521148 -8.768978
v -31.235494 73.534547 -8.743082
v -26.761293 74.789615 -8.221165
v -26.722040 74.794927 -8.046255
v -26.666964 74.756200 -7.880152
v -26.601845 74.676737 -7.739210
v -26.533830 74.563786 -7.637173
v -26.469371 74.428852 -7.583866
v -26.415139 74.284659 -7.584639
v -26.375873 74.145595 -7.639516
v -26.354696 74.025621 -7.743277
v -26.353009 73.936763 -7.885885
v -26.370689 73.887900 -8.053389
v -26.406261 73.883764 -8.229302
v -26.456994 73.924573 -8.396165
v -26.518535 74.005776 -8.537711
v -26.585550 74.119419 -8.639780
v -26.651439 74.254214 -8.692498
v -26.709361 74.397075 -8.690804
v -26.753043 74.534239 -8.635012
v -26.777667 74.652511 -8.530700
v -26.780530 74.740482 -8.388098
v -21.568764 75.616154 -5.401119
v -21.583995 75.590972 -5.139024
v -21.585304 75.503181 -4.881277
v -21.573337 75.361053 -4.653043
v -21.549435 75.178241 -4.475854
v -21.515476 74.972459 -4.365872
v -21.473770 74.763901 -4.332747
v -21.427082 74.573258 -4.379040
v -21.378790 74.419656 -4.500190
v -21.333027 74.318482 -4.684980
v -21.294669 74.279838 -4.916415
v -21.268772 74.307335 -5.173039
v -21.259641 74.397908 -5.430579
v -21.269601 74.542187 -5.663971
v -21.298101 74.725737 -5.849700
v -21.341444 74.930617 -5.968573
v -21.393949 75.136736 -6.006915
v -21.448475 75.324580 -5.960815
v -21.498731 75.476031 -5.834516
v -21.538962 75.577440 -5.643524
v -19.828348 74.271176 -2.442614
v -19.957292 74.195839 -2.045708
v -20.083191 74.016940 -1.646386
v -20.195759 73.751857 -1.286368
v -20.284145 73.426484 -1.001041
v -20.338035 73.072735 -0.816262
v -20.349340 72.725434 -0.746644
v -20.313916 72.418773 -0.795249
v -20.233054 72.182889 -0.954437
v -20.114107 72.040848 -1.207555
v -19.969960 72.006417 -1.531052
v -19.817344 72.082815 -1.896600
v -19.674354 72.262484 -2.272879
v -19.557652 72.527796 -2.626952
v -19.479753 72.852760 -2.925761
v -19.447155 73.205543 -3.138381
v -19.459870 73.551697 -3.239536
v -19.512692 73.857500 -3.214026
v -19.597522 74.093169 -3.060652
v -19.705585 74.235746 -2.793907
v -23.320867 75.131798 -6.609937
v -23.304571 75.125202 -6.423121
v -23.276104 75.071794 -6.240300
v -23.238866 74.976546 -6.079255
v -23.196739 74.848571 -5.955429
v -23.153629 74.700337 -5.880536
v -23.113131 74.546492 -5.861583
v -23.078316 74.402304 -5.900292
v -23.051768 74.282245 -5.992982
v -23.035652 74.198313 -6.130873
v -23.031822 74.158704 -6.300684
v -23.041625 74.166957 -6.485730
v -23.064233 74.222901 -6.670130
v -23.099493 74.319591 -6.833370
v -23.143854 74.447760 -6.960040
v -23.192566 74.594862 -7.037338
v -23.239907 74.746724 -7.057336
v -23.280170 74.888779 -7.017918
v -23.308650 75.007457 -6.923169
v -23.322558 75.091145 -6.782320
v -19.167927 74.182344 -1.215187
v -19.358768 74.082993 -0.758006
v -19.545549 73.861954 -0.302034
v -19.711229 73.541301 0.104274
v -19.838914 73.152728 0.420828
v -19.913932 72.734395 0.619414
v -19.926114 72.327179 0.685244
v -19.871875 71.970641 0.616913
v -19.755427 71.699160 0.425096
v -19.588691 71.538729 0.130335
v -19.389760 71.504671 -0.239658
v -19.183783 71.598474 -0.649828
v -18.983158 71.817264 -1.074327
v -18.818860 72.134791 -1.469061
v -18.703957 72.522498 -1.801385
v -18.646969 72.943562 -2.039303
v -18.655468 73.353219 -2.147695
v -18.720685 73.713827 -2.113960
v -18.835540 73.988440 -1.933414
v -18.988826 74.149868 -1.622459
v -20.602977 74.994645 -4.001823
v -20.666118 74.946138 -3.666332
v -20.719695 74.814674 -3.330855
v -20.760195 74.612653 -3.029020
v -20.784120 74.359495 -2.789699
v -20.788235 74.079856 -2.634575
v -20.770139 73.801254 -2.576650
v -20.729059 73.551409 -2.619684
v -20.666809 73.355318 -2.758397
v -20.588437 73.232625 -2.979374
v -20.502272 73.195477 -3.262407
v -20.418987 73.247285 -3.582102
v -20.349777 73.382495 -3.909572
v -20.303959 73.587333 -4.214431
v -20.287400 73.841098 -4.466223
v -20.300335 74.119102 -4.638942
v -20.338752 74.394342 -4.712675
v -20.395573 74.640408 -4.677627
v -20.462924 74.833793 -4.536029
v -20.533855 74.955849 -4.302422
v -22.453280 75.380567 -6.041528
v -22.449180 75.365924 -5.817287
v -22.432015 75.296518 -5.597031
v -22.404199 75.178838 -5.402212
v -22.368648 75.024209 -5.251376
v -22.328482 74.847623 -5.158565
v -22.286785 74.666495 -5.132201
v -22.246506 74.498852 -5.174498
v -22.210570 74.361473 -5.281378
v -22.181987 74.268144 -5.442828
v -22.163857 74.228064 -5.643734
v -22.159050 74.245011 -5.865121
v -22.169498 74.316928 -6.085752
v -22.195357 74.436346 -6.284039
v -22.234451 74.591313 -6.440099
v -22.282336 74.766669 -6.537898
v -22.332966 74.945481 -6.567104
v -22.379968 75.110610 -6.524425
v -22.417852 75.246246 -6.414081
v -22.443237 75.338843 -6.246381
v -23.736581 74.913907 -6.177166
v -23.720806 74.906540 -5.989289
v -23.693907 74.852105 -5.806051
v -23.659571 74.755362 -5.644757
v -23.619984 74.626618 -5.522568
v -23.580057 74.477463 -5.449496
v -23.542547 74.322957 -5.432981
v -23.510452 74.178346 -5.474279
v -23.485490 74.058559 -5.570086
v -23.470359 73.975034 -5.710579
v -23.467192 73.935707 -5.881832
v -23.475461 73.945558 -6.069445
v -23.497167 74.001958 -6.253130
v -23.531037 74.099020 -6.414676
v -23.572430 74.228508 -6.540622
v -23.618382 74.376353 -6.615720
v -23.663190 74.528444 -6.632479
v -23.700204 74.671440 -6.591492
v -23.726482 74.790177 -6.494079
v -23.738848 74.873715 -6.351163
v -25.818122 74.979273 -7.529487
v -25.780730 74.983254 -7.354120
v -25.728852 74.942151 -7.186598
v -25.668356 74.859491 -7.042919
v -25.604098 74.744432 -6.938200
v -25.543772 74.606881 -6.881410
v -25.492243 74.461058 -6.878751
v -25.454838 74.320747 -6.929977
v -25.434032 74.200422 -7.030652
v -25.431502 74.112021 -7.170992
v -25.447419 74.064309 -7.337363
v -25.480774 74.061707 -7.513325
v -25.528667 74.104637 -7.681972
v -25.587489 74.188177 -7.826208
v -25.651684 74.304098 -7.931923
v -25.714838 74.440874 -7.988502
v -25.770057 74.586055 -7.991361
v -25.811561 74.723972 -7.938348
v -25.834543 74.843054 -7.836798
v -25.836753 74.930963 -7.695848
v -27.546078 74.990062 -7.917905
v -27.513423 74.994549 -7.775948
v -27.468075 74.963338 -7.641151
v -27.414439 74.899526 -7.526556
v -27.358233 74.809016 -7.443943
v -27.304675 74.700949 -7.400758
v -27.259021 74.585906 -7.401222
v -27.226220 74.474777 -7.445883
v -27.209381 74.378486 -7.530461
v -27.209604 74.306790 -7.646289
v -27.226707 74.266772 -7.782017
v -27.259033 74.262360 -7.924353
v -27.303520 74.293910 -8.059302
v -27.356026 74.358340 -8.173456
v -27.411559 74.449108 -8.256231
v -27.464680 74.557349 -8.299525
v -27.510331 74.672535 -8.298441
v -27.544030 74.783437 -8.252922
v -27.562139 74.879130 -8.168455
v -27.562849 74.950297 -8.053164
v -29.070815 74.144807 -8.073089
v -29.047333 74.147628 -7.966176
v -29.014626 74.124243 -7.866153
v -28.976009 74.076855 -7.782204
v -28.935170 74.010105 -7.721319
v -28.896101 73.930502 -7.689479
v -28.862873 73.845810 -7.690964
v -28.839172 73.764291 -7.727981
v -28.826452 73.694041 -7.793367
v -28.826077 73.641992 -7.882030
v -28.837932 73.613264 -7.985001
v -28.860865 73.610671 -8.092056
v -28.892680 73.634344 -8.191059
v -28.930568 73.682203 -8.278703
v -28.970859 73.748995 -8.336191
v -29.009635 73.828627 -8.366538
v -29.043059 73.913220 -8.364857
v -29.067947 73.994331 -8.328411
v -29.081619 74.064167 -8.262525
v -29.082614 74.116073 -8.175441
v -30.825487 73.703414 -8.684986
v -30.816136 73.703238 -8.623924
v -30.801699 73.689071 -8.566102
v -30.783636 73.662306 -8.517198
v -30.763636 73.625838 -8.484206
v -30.743917 73.582740 -8.466911
v -30.726405 73.537245 -8.466994
v -30.712647 73.494251 -8.487894
v -30.704214 73.457331 -8.522605
v -30.701734 73.430532 -8.570908
v -30.705151 73.416919 -8.631250
v -30.714449 73.417156 -8.692577
v -30.728601 73.431438 -8.750611
v -30.746273 73.458351 -8.799523
v -30.765835 73.495168 -8.834140
v -30.785391 73.538312 -8.851466
v -30.802849 73.583837 -8.851395
v -30.816695 73.627005 -8.832339
v -30.825600 73.663542 -8.795761
v -30.829157 73.689194 -8.740557
vt 0.672779 0.040202
vt 0.674225 0.040286
vt 0.677169 0.043916
vt 0.675612 0.044054
vt 0.675452 0.040006
vt 0.678464 0.043496
vt 0.676386 0.039301
vt 0.679490 0.042752
vt 0.676986 0.038212
vt 0.680272 0.041632
vt 0.677250 0.036785
vt 0.680835 0.040151
vt 0.677208 0.035106
vt 0.681197 0.038367
vt 0.676919 0.033267
vt 0.681370 0.036414
vt 0.676430 0.031326
vt 0.681388 0.034401
vt 0.675732 0.029312
vt 0.681306 0.032403
vt 0.253507 0.034900
vt 0.727782 0.037951
vt 0.254099 0.033260
vt 0.728411 0.036561
vt 0.254107 0.031677
vt 0.729217 0.035474
vt 0.253527 0.030311
vt 0.730247 0.034725
vt 0.252407 0.029303
vt 0.731517 0.034341
vt 0.664561 0.037599
vt 0.666469 0.043128
vt 0.666194 0.038277
vt 0.668227 0.043226
vt 0.667886 0.038848
vt 0.670091 0.043452
vt 0.669556 0.039369
vt 0.671988 0.043730
vt 0.671201 0.039851
vt 0.673855 0.043965
vt 0.671302 0.034162
vt 0.694399 0.067541
vt 0.695150 0.067453
vt 0.699445 0.071895
vt 0.698858 0.071820
vt 0.693668 0.067581
vt 0.698263 0.071687
vt 0.692969 0.067631
vt 0.697664 0.071567
vt 0.692323 0.067744
vt 0.697075 0.071536
vt 0.691734 0.067944
vt 0.696513 0.071652
vt 0.751213 0.060559
vt 0.755193 0.065259
vt 0.750820 0.060940
vt 0.754764 0.065609
vt 0.750511 0.061404
vt 0.754443 0.066089
vt 0.750285 0.061935
vt 0.754240 0.066663
vt 0.750149 0.062522
vt 0.754155 0.067293
vt 0.699032 0.063136
vt 0.701987 0.068422
vt 0.698868 0.063774
vt 0.701995 0.069050
vt 0.698702 0.064434
vt 0.701996 0.069661
vt 0.698479 0.065085
vt 0.701917 0.070227
vt 0.698158 0.065689
vt 0.701725 0.070730
vt 0.697729 0.066220
vt 0.701420 0.071163
vt 0.697198 0.066664
vt 0.701025 0.071510
vt 0.696579 0.067014
vt 0.700551 0.071756
vt 0.695888 0.067281
vt 0.700016 0.071880
vt 0.704622 0.080118
vt 0.705080 0.079974
vt 0.707046 0.082747
vt 0.706636 0.082869
vt 0.704158 0.080274
vt 0.706241 0.082989
vt 0.703705 0.080452
vt 0.705872 0.083118
vt 0.703282 0.080655
vt 0.705537 0.083271
vt 0.702898 0.080893
vt 0.705247 0.083457
vt 0.763399 0.070365
vt 0.765986 0.072580
vt 0.763188 0.070757
vt 0.765806 0.072858
vt 0.763013 0.071192
vt 0.765660 0.073171
vt 0.762861 0.071666
vt 0.765544 0.073518
vt 0.762721 0.072168
vt 0.765452 0.073889
vt 0.708313 0.077865
vt 0.709763 0.080774
vt 0.707958 0.078258
vt 0.709532 0.081079
vt 0.707623 0.078613
vt 0.709292 0.081386
vt 0.707300 0.078920
vt 0.709057 0.081660
vt 0.706978 0.079175
vt 0.708798 0.081906
vt 0.706648 0.079383
vt 0.708512 0.082119
vt 0.706300 0.079552
vt 0.708190 0.082306
vt 0.705924 0.079699
vt 0.707833 0.082471
vt 0.705517 0.079836
vt 0.707451 0.082616
vt 0.712462 0.089143
vt 0.712548 0.089084
vt 0.713874 0.090435
vt 0.712371 0.089221
vt 0.712295 0.089300
vt 0.712241 0.089373
vt 0.712204 0.089450
vt 0.772799 0.078596
vt 0.772763 0.078675
vt 0.772723 0.078769
vt 0.772678 0.078875
vt 0.772642 0.078971
vt 0.713383 0.088797
vt 0.713274 0.088836
vt 0.713177 0.088867
vt 0.713076 0.088891
vt 0.712989 0.088909
vt 0.712905 0.088924
vt 0.712820 0.088951
vt 0.712734 0.088980
vt 0.712642 0.089027
vt 0.701685 0.075003
vt 0.702311 0.074928
vt 0.703282 0.077662
vt 0.702800 0.077802
vt 0.701027 0.075046
vt 0.702312 0.077913
vt 0.700362 0.075089
vt 0.701841 0.078003
vt 0.699724 0.075159
vt 0.701398 0.078076
vt 0.699133 0.075251
vt 0.700980 0.078137
vt 0.757694 0.068543
vt 0.760956 0.068556
vt 0.757330 0.068967
vt 0.760698 0.068918
vt 0.757045 0.069462
vt 0.760486 0.069329
vt 0.756858 0.070024
vt 0.760328 0.069794
vt 0.756764 0.070636
vt 0.760224 0.070303
vt 0.705201 0.071621
vt 0.706933 0.075012
vt 0.705027 0.072140
vt 0.706515 0.075361
vt 0.704822 0.072622
vt 0.706097 0.075732
vt 0.704575 0.073064
vt 0.705687 0.076095
vt 0.704304 0.073474
vt 0.705298 0.076435
vt 0.704024 0.073865
vt 0.704934 0.076747
vt 0.703712 0.074228
vt 0.704573 0.077037
vt 0.703336 0.074541
vt 0.704183 0.077287
vt 0.702869 0.074778
vt 0.703750 0.077493
vt 0.687038 0.057303
vt 0.687854 0.057351
vt 0.690174 0.060256
vt 0.689393 0.060367
vt 0.686192 0.057142
vt 0.688568 0.060449
vt 0.685329 0.056926
vt 0.687743 0.060529
vt 0.684467 0.056779
vt 0.686960 0.060650
vt 0.683649 0.056811
vt 0.686259 0.060863
vt 0.741993 0.052344
vt 0.744185 0.055545
vt 0.741344 0.052648
vt 0.743703 0.055953
vt 0.740818 0.053163
vt 0.743355 0.056466
vt 0.740437 0.053863
vt 0.743117 0.057079
vt 0.740211 0.054703
vt 0.742942 0.057779
vt 0.691216 0.052195
vt 0.694405 0.055720
vt 0.691053 0.053160
vt 0.694118 0.056560
vt 0.690966 0.054121
vt 0.693793 0.057358
vt 0.690873 0.055000
vt 0.693417 0.058079
vt 0.690681 0.055745
vt 0.692997 0.058696
vt 0.690348 0.056336
vt 0.692540 0.059196
vt 0.689879 0.056778
vt 0.692051 0.059590
vt 0.689297 0.057089
vt 0.691504 0.059885
vt 0.688624 0.057281
vt 0.690878 0.060102
vt 0.677345 0.047768
vt 0.679053 0.047709
vt 0.683851 0.052656
vt 0.682628 0.052557
vt 0.675531 0.047706
vt 0.681324 0.052328
vt 0.673717 0.047615
vt 0.679989 0.052068
vt 0.671993 0.047600
vt 0.678683 0.051907
vt 0.670438 0.047753
vt 0.677479 0.051949
vt 0.733775 0.039528
vt 0.737803 0.046198
vt 0.732684 0.039754
vt 0.736903 0.046384
vt 0.731811 0.040340
vt 0.736168 0.046890
vt 0.731167 0.041249
vt 0.735641 0.047685
vt 0.730748 0.042438
vt 0.735347 0.048716
vt 0.685454 0.037269
vt 0.688233 0.045075
vt 0.685111 0.038929
vt 0.687939 0.046362
vt 0.684797 0.040653
vt 0.687762 0.047696
vt 0.684465 0.042347
vt 0.687631 0.048969
vt 0.684063 0.043909
vt 0.687447 0.050101
vt 0.683527 0.045241
vt 0.687124 0.051040
vt 0.682791 0.046279
vt 0.686607 0.051766
vt 0.681808 0.047002
vt 0.685877 0.052275
vt 0.680560 0.047466
vt 0.684948 0.052572
vt 0.692396 0.063025
vt 0.692917 0.062844
vt 0.693065 0.064743
vt 0.692395 0.064959
vt 0.691798 0.063200
vt 0.691740 0.065175
vt 0.691147 0.063378
vt 0.691130 0.065391
vt 0.690487 0.063567
vt 0.690551 0.065607
vt 0.689859 0.063777
vt 0.689995 0.065814
vt 0.746459 0.058549
vt 0.748659 0.058600
vt 0.746188 0.059039
vt 0.748474 0.059099
vt 0.745940 0.059585
vt 0.748250 0.059583
vt 0.745719 0.060168
vt 0.747997 0.060076
vt 0.745513 0.060767
vt 0.747724 0.060600
vt 0.696117 0.060020
vt 0.697678 0.060892
vt 0.695779 0.060539
vt 0.697298 0.061388
vt 0.695442 0.060994
vt 0.696906 0.061943
vt 0.695103 0.061379
vt 0.696478 0.062512
vt 0.694765 0.061703
vt 0.696013 0.063049
vt 0.694427 0.061982
vt 0.695509 0.063524
vt 0.694079 0.062215
vt 0.694965 0.063925
vt 0.693737 0.062446
vt 0.694365 0.064242
vt 0.693358 0.062654
vt 0.693728 0.064510
vt 0.711579 0.087917
vt 0.711377 0.087989
vt 0.711176 0.088061
vt 0.710984 0.088136
vt 0.710813 0.088217
vt 0.710660 0.088315
vt 0.771443 0.077540
vt 0.771330 0.077679
vt 0.771238 0.077840
vt 0.771166 0.078026
vt 0.771109 0.078241
vt 0.712932 0.086919
vt 0.712786 0.087073
vt 0.712651 0.087220
vt 0.712525 0.087354
vt 0.712399 0.087473
vt 0.712267 0.087578
vt 0.712122 0.087673
vt 0.711959 0.087759
vt 0.711766 0.087847
vt 0.771069 0.078461
vt 0.772598 0.079077
vt 0.710528 0.088434
vt 0.712184 0.089531
vt 0.765382 0.074270
vt 0.705003 0.083681
vt 0.760168 0.070832
vt 0.762580 0.072681
vt 0.700577 0.078205
vt 0.702558 0.081177
vt 0.754170 0.067940
vt 0.756729 0.071281
vt 0.696015 0.071920
vt 0.698604 0.075372
vt 0.747435 0.061173
vt 0.750106 0.063162
vt 0.689448 0.065993
vt 0.691217 0.068217
vt 0.742765 0.058551
vt 0.745310 0.061361
vt 0.685680 0.061203
vt 0.689301 0.064013
vt 0.735286 0.049911
vt 0.740139 0.055628
vt 0.676459 0.052242
vt 0.682929 0.057066
vt 0.727302 0.039579
vt 0.730536 0.043858
vt 0.664908 0.043264
vt 0.669134 0.048137
vt 0.773876 0.080006
vt 0.247823 0.034174
vt 0.729262 0.029315
vt 0.663022 0.036800
vt 0.724209 0.035327
vt 0.252385 0.036447
vt 0.727831 0.029807
vt 0.726632 0.030696
vt 0.725651 0.031950
vt 0.724856 0.033515
vn 0.435617 0.841628 0.319218
vn 0.650033 0.741290 0.167169
vn 0.336333 0.935774 -0.105863
vn 0.020290 0.996903 0.075980
vn 0.828295 0.560049 0.016522
vn 0.618718 0.723309 -0.306614
vn 0.941959 0.318950 -0.104807
vn 0.791283 0.391121 -0.469996
vn 0.980905 0.067626 -0.182351
vn 0.827380 0.036051 -0.560484
vn 0.959887 -0.169219 -0.223565
vn 0.761063 -0.275066 -0.587470
vn 0.894123 -0.382357 -0.233123
vn 0.631594 -0.523070 -0.572264
vn 0.791388 -0.573814 -0.210814
vn 0.458986 -0.714247 -0.528378
vn 0.651307 -0.743336 -0.152482
vn 0.244947 -0.855060 -0.457026
vn 0.477157 -0.877564 -0.046931
vn -0.008690 -0.934524 -0.355794
vn 0.258346 -0.959813 0.109615
vn -0.290749 -0.930109 -0.224416
vn -0.005379 -0.950146 0.311760
vn -0.565832 -0.821027 -0.075817
vn -0.287861 -0.795252 0.533582
vn -0.788405 -0.611334 0.068472
vn -0.512519 -0.485478 0.708262
vn -0.921251 -0.342653 0.184082
vn -0.606706 -0.107860 0.787575
vn -0.962636 -0.066194 0.262586
vn -0.570776 0.234934 0.786779
vn -0.931857 0.189799 0.309222
vn -0.442859 0.504148 0.741425
vn -0.844339 0.421604 0.330669
vn -0.254233 0.697916 0.669536
vn -0.706841 0.627593 0.326346
vn -0.033925 0.818258 0.573849
vn -0.515987 0.806351 0.289059
vn 0.203453 0.866040 0.456707
vn -0.271579 0.939560 0.208500
vn 0.868734 0.093367 0.486398
vn -0.089615 0.981445 0.169514
vn 0.112188 0.985659 -0.126054
vn 0.174703 0.971281 -0.161530
vn -0.042538 0.991487 0.123059
vn -0.296348 0.838173 0.457869
vn -0.293273 0.853983 0.429773
vn -0.458279 0.582861 0.671009
vn -0.509276 0.557306 0.655780
vn -0.554019 0.286194 0.781765
vn -0.627889 0.223011 0.745668
vn -0.593555 -0.008055 0.804753
vn -0.666408 -0.058395 0.743297
vn -0.583548 -0.268761 0.766316
vn -0.658717 -0.287970 0.695100
vn -0.536739 -0.498678 0.680611
vn -0.619587 -0.478704 0.622057
vn -0.450889 -0.702673 0.550409
vn -0.546281 -0.657710 0.518646
vn -0.325914 -0.868984 0.372353
vn -0.423307 -0.827039 0.369889
vn -0.163435 -0.975979 0.144060
vn -0.222498 -0.963585 0.148323
vn 0.026292 -0.992093 -0.122720
vn 0.071398 -0.984689 -0.159025
vn 0.225368 -0.888869 -0.398899
vn 0.374238 -0.798774 -0.471068
vn 0.398213 -0.663557 -0.633339
vn 0.564780 -0.480413 -0.670989
vn 0.508516 -0.362303 -0.781119
vn 0.638843 -0.162569 -0.751965
vn 0.549803 -0.044555 -0.834105
vn 0.643532 0.107551 -0.757825
vn 0.536237 0.249180 -0.806449
vn 0.609424 0.335831 -0.718206
vn 0.481874 0.504852 -0.716186
vn 0.548770 0.531996 -0.644851
vn 0.394874 0.718257 -0.572871
vn 0.462504 0.705913 -0.536449
vn 0.274067 0.884763 -0.376937
vn 0.341493 0.859464 -0.380400
vn -0.477266 0.853725 0.208255
vn -0.463807 0.883913 -0.059840
vn -0.420489 0.905610 -0.055316
vn -0.462031 0.858006 0.224396
vn -0.462329 0.759123 0.458241
vn -0.471236 0.739462 0.480762
vn -0.417911 0.600465 0.681757
vn -0.447526 0.554397 0.701687
vn -0.339928 0.377892 0.861189
vn -0.391092 0.311504 0.866033
vn -0.227090 0.099991 0.968727
vn -0.303510 0.025039 0.952499
vn -0.083254 -0.216171 0.972800
vn -0.184912 -0.294817 0.937492
vn 0.069645 -0.517127 0.853070
vn -0.057602 -0.575668 0.815652
vn 0.202246 -0.744831 0.635864
vn 0.059902 -0.783535 0.618454
vn 0.301027 -0.880891 0.365258
vn 0.158311 -0.915884 0.368910
vn 0.361791 -0.928914 0.078902
vn 0.229636 -0.967552 0.105408
vn 0.385415 -0.900427 -0.201711
vn 0.276030 -0.947841 -0.159389
vn 0.373109 -0.803434 -0.463985
vn 0.296362 -0.858204 -0.419112
vn 0.323031 -0.639589 -0.697550
vn 0.287734 -0.692058 -0.662015
vn 0.233366 -0.408472 -0.882435
vn 0.240671 -0.436663 -0.866835
vn 0.107223 -0.118899 -0.987100
vn 0.154313 -0.134676 -0.978800
vn -0.049752 0.208365 -0.976785
vn 0.028968 0.207600 -0.977785
vn -0.205494 0.503330 -0.839304
vn -0.112634 0.524486 -0.843936
vn -0.330558 0.717939 -0.612613
vn -0.241490 0.752480 -0.612745
vn -0.416833 0.843088 -0.339785
vn -0.345526 0.873554 -0.342806
vn -0.537790 0.819286 0.198877
vn -0.539888 0.840651 -0.042747
vn -0.801692 -0.586640 0.114645
vn -0.538879 0.733607 0.414041
vn -0.501701 0.582944 0.639119
vn -0.422569 0.346988 0.837278
vn -0.324565 0.073693 0.942988
vn -0.194787 -0.247154 0.949196
vn -0.038294 -0.563621 0.825146
vn 0.105068 -0.796555 0.595366
vn 0.172562 -0.921115 0.348955
vn 0.221361 -0.970787 0.092589
vn 0.238154 -0.957051 -0.165333
vn 0.208195 -0.883001 -0.420671
vn 0.159681 -0.740543 -0.652762
vn 0.050133 -0.515355 -0.855509
vn -0.092318 -0.196695 -0.976109
vn -0.262604 0.172833 -0.949299
vn -0.384900 0.471898 -0.793199
vn -0.466384 0.698885 -0.542260
vn -0.516756 0.807179 -0.285351
vn -0.005338 0.997351 0.072543
vn 0.055784 0.978659 -0.197776
vn -0.035352 0.990981 -0.129257
vn -0.020955 0.993150 0.114950
vn -0.091778 0.924249 0.370595
vn -0.002000 0.933636 0.358218
vn -0.191376 0.723636 0.663118
vn 0.019470 0.799295 0.600624
vn -0.274533 0.402040 0.873496
vn 0.034952 0.568194 0.822152
vn -0.321213 0.032429 0.946451
vn 0.038657 0.238531 0.970365
vn -0.326882 -0.303841 0.894890
vn 0.027576 -0.145469 0.988978
vn -0.302883 -0.570741 0.763228
vn 0.002428 -0.493612 0.869679
vn -0.257265 -0.769249 0.584868
vn -0.030084 -0.745079 0.666298
vn -0.193532 -0.906818 0.374467
vn -0.064548 -0.899833 0.431433
vn -0.114400 -0.984063 0.136135
vn -0.097167 -0.977284 0.188345
vn -0.030165 -0.991747 -0.124608
vn -0.123464 -0.990594 -0.058995
vn 0.043395 -0.918814 -0.392298
vn -0.141315 -0.938780 -0.314202
vn 0.106773 -0.752165 -0.650267
vn -0.151696 -0.804864 -0.573744
vn 0.157544 -0.482393 -0.861671
vn -0.154626 -0.564450 -0.810856
vn 0.187485 -0.136624 -0.972719
vn -0.147022 -0.209434 -0.966707
vn 0.189635 0.218626 -0.957205
vn -0.126108 0.199018 -0.971848
vn 0.169658 0.519096 -0.837708
vn -0.097473 0.546443 -0.831805
vn 0.138032 0.741339 -0.656783
vn -0.070412 0.784654 -0.615922
vn 0.099940 0.892451 -0.439935
vn -0.049935 0.925852 -0.374572
vn 0.026003 0.975832 0.216970
vn 0.234284 0.972114 0.010292
vn -0.222810 0.972605 -0.066297
vn -0.383144 0.905064 0.184554
vn -0.216076 0.887875 0.406188
vn -0.511862 0.764024 0.392766
vn -0.473084 0.694108 0.542591
vn -0.606806 0.571493 0.552433
vn -0.691947 0.417173 0.589216
vn -0.665812 0.343195 0.662504
vn -0.826273 0.124451 0.549350
vn -0.685246 0.088603 0.722902
vn -0.877898 -0.135855 0.459171
vn -0.657657 -0.187340 0.729652
vn -0.866924 -0.359229 0.345540
vn -0.570257 -0.474903 0.670279
vn -0.801881 -0.557127 0.215863
vn -0.412318 -0.742085 0.528491
vn -0.676359 -0.733552 0.066623
vn -0.197052 -0.930821 0.307803
vn -0.478442 -0.871628 -0.106579
vn 0.029603 -0.998364 0.048926
vn -0.211965 -0.931069 -0.296953
vn 0.222784 -0.954152 -0.199902
vn 0.084872 -0.873405 -0.479543
vn 0.365522 -0.833131 -0.415073
vn 0.355355 -0.695899 -0.624057
vn 0.460775 -0.658264 -0.595294
vn 0.557102 -0.429857 -0.710536
vn 0.512193 -0.434847 -0.740653
vn 0.674649 -0.114802 -0.729156
vn 0.516730 -0.158601 -0.841330
vn 0.706684 0.207712 -0.676353
vn 0.463247 0.165722 -0.870597
vn 0.662650 0.498864 -0.558596
vn 0.342332 0.501427 -0.794594
vn 0.559719 0.729054 -0.393947
vn 0.164537 0.778925 -0.605147
vn 0.413193 0.888853 -0.198019
vn -0.035080 0.938711 -0.342917
vn -0.043982 0.959768 0.277327
vn 0.270098 0.955258 0.120539
vn 0.485014 0.867421 0.111095
vn 0.251914 0.924132 0.287262
vn -0.366702 0.850158 0.377838
vn -0.075631 0.890793 0.448071
vn -0.642094 0.649947 0.406551
vn -0.460472 0.711327 0.531017
vn -0.831913 0.409495 0.374480
vn -0.765869 0.418030 0.488565
vn -0.936440 0.169107 0.307380
vn -0.919330 0.132753 0.370417
vn -0.972851 -0.060026 0.223514
vn -0.966134 -0.091596 0.241236
vn -0.950739 -0.282518 0.127587
vn -0.955160 -0.269987 0.121556
vn -0.866776 -0.498443 0.015952
vn -0.904455 -0.426477 0.008880
vn -0.715093 -0.689798 -0.113229
vn -0.811699 -0.574626 -0.104642
vn -0.501237 -0.828157 -0.250833
vn -0.663374 -0.712982 -0.227138
vn -0.235417 -0.893158 -0.383208
vn -0.441014 -0.820778 -0.363085
vn 0.050412 -0.868454 -0.493200
vn -0.135747 -0.853424 -0.503229
vn 0.325411 -0.753326 -0.571495
vn 0.221572 -0.756437 -0.615393
vn 0.561752 -0.557200 -0.611525
vn 0.547793 -0.516670 -0.658008
vn 0.739734 -0.290549 -0.606939
vn 0.762614 -0.195144 -0.616717
vn 0.837351 0.025693 -0.546062
vn 0.849592 0.125092 -0.512393
vn 0.834760 0.350678 -0.424500
vn 0.839095 0.394488 -0.374565
vn 0.729312 0.634728 -0.255391
vn 0.766708 0.602440 -0.221865
vn 0.535402 0.842062 -0.065396
vn 0.649542 0.757997 -0.059467
vn -0.364758 0.917327 0.159570
vn -0.329245 0.938949 -0.099865
vn -0.338700 0.939362 -0.053672
vn -0.282539 0.936748 0.206579
vn -0.379338 0.837190 0.393973
vn -0.216907 0.870461 0.441870
vn -0.376686 0.701412 0.605085
vn -0.142740 0.743325 0.653524
vn -0.355788 0.502647 0.787884
vn -0.052503 0.550339 0.833289
vn -0.308863 0.230521 0.922748
vn 0.050757 0.282949 0.957791
vn -0.225831 -0.111962 0.967711
vn 0.161373 -0.048662 0.985693
vn -0.107067 -0.476711 0.872516
vn 0.257577 -0.392331 0.883024
vn 0.022680 -0.770689 0.636807
vn 0.324748 -0.676001 0.661484
vn 0.129322 -0.933632 0.334076
vn 0.354120 -0.853804 0.381599
vn 0.198736 -0.979302 0.038370
vn 0.350639 -0.931696 0.094842
vn 0.238618 -0.945403 -0.221979
vn 0.318341 -0.932107 -0.172729
vn 0.257872 -0.856656 -0.446815
vn 0.256318 -0.872965 -0.415009
vn 0.255105 -0.719509 -0.645932
vn 0.172495 -0.755585 -0.631931
vn 0.225420 -0.525835 -0.820173
vn 0.065026 -0.572974 -0.816990
vn 0.161771 -0.259674 -0.952050
vn -0.062372 -0.308384 -0.949215
vn 0.060820 0.078627 -0.995047
vn -0.195727 0.030798 -0.980175
vn -0.064026 0.436772 -0.897291
vn -0.311439 0.390132 -0.866489
vn -0.181602 0.722531 -0.667060
vn -0.370966 0.684816 -0.627225
vn -0.270045 0.884038 -0.381514
vn -0.374412 0.863515 -0.337872
vn -0.221821 0.968234 -0.115407
vn -0.305241 0.938885 0.159131
vn -0.370538 0.824997 0.426710
vn -0.409795 0.619395 0.669640
vn -0.413297 0.336345 0.846202
vn -0.379984 0.022754 0.924713
vn -0.310149 -0.307818 0.899475
vn -0.219709 -0.586693 0.779436
vn -0.125795 -0.790627 0.599237
vn -0.028015 -0.929898 0.366749
vn 0.061662 -0.991690 0.112910
vn 0.142069 -0.977339 -0.156920
vn 0.208373 -0.879135 -0.428606
vn 0.252358 -0.682070 -0.686364
vn 0.261826 -0.390634 -0.882526
vn 0.231802 -0.062054 -0.970782
vn 0.163867 0.281190 -0.945558
vn 0.070120 0.579250 -0.812128
vn -0.034617 0.797132 -0.602812
vn -0.132588 0.919846 -0.369194
s 1
g Small_Branch1_geo1 TrunkCut_geo_2
f 1/1/1 2/2/2 182/3/3 163/4/4
f 2/2/2 3/5/5 181/6/6 182/3/3
f 3/5/5 4/7/7 180/8/8 181/6/6
f 4/7/7 5/9/9 179/10/10 180/8/8
f 5/9/9 6/11/11 178/12/12 179/10/10
f 6/11/11 7/13/13 177/14/14 178/12/12
f 7/13/13 8/15/15 176/16/16 177/14/14
f 8/15/15 9/17/17 175/18/18 176/16/16
f 9/17/17 10/19/19 174/20/20 175/18/18
f 10/357/19 11/362/21 173/22/22 174/349/20
f 11/362/21 12/361/23 172/24/24 173/22/22
f 12/361/23 13/360/25 171/26/26 172/24/24
f 13/360/25 14/359/27 170/28/28 171/26/26
f 14/359/27 15/355/29 169/30/30 170/28/28
f 15/356/29 16/31/31 168/32/32 169/351/30
f 16/31/31 17/33/33 167/34/34 168/32/32
f 17/33/33 18/35/35 166/36/36 167/34/34
f 18/35/35 19/37/37 165/38/38 166/36/36
f 19/37/37 20/39/39 164/40/40 165/38/38
f 20/39/39 1/1/1 163/4/4 164/40/40
f 2/2/2 1/1/1 22/41/41
f 3/5/5 2/2/2 22/41/41
f 4/7/7 3/5/5 22/41/41
f 5/9/9 4/7/7 22/41/41
f 6/11/11 5/9/9 22/41/41
f 7/13/13 6/11/11 22/41/41
f 8/15/15 7/13/13 22/41/41
f 9/17/17 8/15/15 22/41/41
f 10/19/19 9/17/17 22/41/41
f 11/21/21 10/358/19 22/354/41
f 12/23/23 11/21/21 22/354/41
f 13/25/25 12/23/23 22/354/41
f 14/27/27 13/25/25 22/354/41
f 15/29/29 14/27/27 22/354/41
f 16/31/31 15/356/29 22/41/41
f 17/33/33 16/31/31 22/41/41
f 18/35/35 17/33/33 22/41/41
f 19/37/37 18/35/35 22/41/41
f 20/39/39 19/37/37 22/41/41
f 1/1/1 20/39/39 22/41/41
f 24/42/42 23/43/43 243/44/44 244/45/45
f 25/46/46 24/42/42 244/45/45 245/47/47
f 26/48/48 25/46/46 245/47/47 246/49/49
f 27/50/50 26/48/48 246/49/49 247/51/51
f 28/52/52 27/50/50 247/51/51 248/53/53
f 29/340/54 28/52/52 248/53/53 249/335/55
f 30/56/56 29/54/54 249/55/55 250/57/57
f 31/58/58 30/56/56 250/57/57 251/59/59
f 32/60/60 31/58/58 251/59/59 252/61/61
f 33/62/62 32/60/60 252/61/61 253/63/63
f 34/338/64 33/62/62 253/63/63 254/333/65
f 35/66/66 34/64/64 254/65/65 255/67/67
f 36/68/68 35/66/66 255/67/67 256/69/69
f 37/70/70 36/68/68 256/69/69 257/71/71
f 38/72/72 37/70/70 257/71/71 258/73/73
f 39/74/74 38/72/72 258/73/73 259/75/75
f 40/76/76 39/74/74 259/75/75 260/77/77
f 41/78/78 40/76/76 260/77/77 261/79/79
f 42/80/80 41/78/78 261/79/79 262/81/81
f 23/43/43 42/80/80 262/81/81 243/44/44
f 44/82/82 43/83/83 283/84/84 284/85/85
f 45/86/86 44/82/82 284/85/85 285/87/87
f 46/88/88 45/86/86 285/87/87 286/89/89
f 47/90/90 46/88/88 286/89/89 287/91/91
f 48/92/92 47/90/90 287/91/91 288/93/93
f 49/332/94 48/92/92 288/93/93 289/328/95
f 50/96/96 49/94/94 289/95/95 290/97/97
f 51/98/98 50/96/96 290/97/97 291/99/99
f 52/100/100 51/98/98 291/99/99 292/101/101
f 53/102/102 52/100/100 292/101/101 293/103/103
f 54/330/104 53/102/102 293/103/103 294/327/105
f 55/106/106 54/104/104 294/105/105 295/107/107
f 56/108/108 55/106/106 295/107/107 296/109/109
f 57/110/110 56/108/108 296/109/109 297/111/111
f 58/112/112 57/110/110 297/111/111 298/113/113
f 59/114/114 58/112/112 298/113/113 299/115/115
f 60/116/116 59/114/114 299/115/115 300/117/117
f 61/118/118 60/116/116 300/117/117 301/119/119
f 62/120/120 61/118/118 301/119/119 302/121/121
f 43/83/83 62/120/120 302/121/121 283/84/84
f 64/122/122 63/123/123 21/124/124
f 65/125/125 64/122/122 21/124/124
f 66/126/126 65/125/125 21/124/124
f 67/127/127 66/126/126 21/124/124
f 68/128/128 67/127/127 21/124/124
f 69/326/129 68/128/128 21/124/124
f 70/130/130 69/129/129 21/353/124
f 71/131/131 70/130/130 21/353/124
f 72/132/132 71/131/131 21/353/124
f 73/133/133 72/132/132 21/353/124
f 74/324/134 73/133/133 21/353/124
f 75/135/135 74/134/134 21/124/124
f 76/136/136 75/135/135 21/124/124
f 77/137/137 76/136/136 21/124/124
f 78/138/138 77/137/137 21/124/124
f 79/139/139 78/138/138 21/124/124
f 80/140/140 79/139/139 21/124/124
f 81/141/141 80/140/140 21/124/124
f 82/142/142 81/141/141 21/124/124
f 63/123/123 82/142/142 21/124/124
f 84/143/143 83/144/144 263/145/145 264/146/146
f 85/147/147 84/143/143 264/146/146 265/148/148
f 86/149/149 85/147/147 265/148/148 266/150/150
f 87/151/151 86/149/149 266/150/150 267/152/152
f 88/153/153 87/151/151 267/152/152 268/154/154
f 89/336/155 88/153/153 268/154/154 269/331/156
f 90/157/157 89/155/155 269/156/156 270/158/158
f 91/159/159 90/157/157 270/158/158 271/160/160
f 92/161/161 91/159/159 271/160/160 272/162/162
f 93/163/163 92/161/161 272/162/162 273/164/164
f 94/334/165 93/163/163 273/164/164 274/329/166
f 95/167/167 94/165/165 274/166/166 275/168/168
f 96/169/169 95/167/167 275/168/168 276/170/170
f 97/171/171 96/169/169 276/170/170 277/172/172
f 98/173/173 97/171/171 277/172/172 278/174/174
f 99/175/175 98/173/173 278/174/174 279/176/176
f 100/177/177 99/175/175 279/176/176 280/178/178
f 101/179/179 100/177/177 280/178/178 281/180/180
f 102/181/181 101/179/179 281/180/180 282/182/182
f 83/144/144 102/181/181 282/182/182 263/145/145
f 104/183/183 103/184/184 203/185/185 204/186/186
f 105/187/187 104/183/183 204/186/186 205/188/188
f 106/189/189 105/187/187 205/188/188 206/190/190
f 107/191/191 106/189/189 206/190/190 207/192/192
f 108/193/193 107/191/191 207/192/192 208/194/194
f 109/348/195 108/193/193 208/194/194 209/343/196
f 110/197/197 109/195/195 209/196/196 210/198/198
f 111/199/199 110/197/197 210/198/198 211/200/200
f 112/201/201 111/199/199 211/200/200 212/202/202
f 113/203/203 112/201/201 212/202/202 213/204/204
f 114/346/205 113/203/203 213/204/204 214/341/206
f 115/207/207 114/205/205 214/206/206 215/208/208
f 116/209/209 115/207/207 215/208/208 216/210/210
f 117/211/211 116/209/209 216/210/210 217/212/212
f 118/213/213 117/211/211 217/212/212 218/214/214
f 119/215/215 118/213/213 218/214/214 219/216/216
f 120/217/217 119/215/215 219/216/216 220/218/218
f 121/219/219 120/217/217 220/218/218 221/220/220
f 122/221/221 121/219/219 221/220/220 222/222/222
f 103/184/184 122/221/221 222/222/222 203/185/185
f 124/223/223 123/224/224 183/225/225 184/226/226
f 125/227/227 124/223/223 184/226/226 185/228/228
f 126/229/229 125/227/227 185/228/228 186/230/230
f 127/231/231 126/229/229 186/230/230 187/232/232
f 128/233/233 127/231/231 187/232/232 188/234/234
f 129/352/235 128/233/233 188/234/234 189/347/236
f 130/237/237 129/235/235 189/236/236 190/238/238
f 131/239/239 130/237/237 190/238/238 191/240/240
f 132/241/241 131/239/239 191/240/240 192/242/242
f 133/243/243 132/241/241 192/242/242 193/244/244
f 134/350/245 133/243/243 193/244/244 194/345/246
f 135/247/247 134/245/245 194/246/246 195/248/248
f 136/249/249 135/247/247 195/248/248 196/250/250
f 137/251/251 136/249/249 196/250/250 197/252/252
f 138/253/253 137/251/251 197/252/252 198/254/254
f 139/255/255 138/253/253 198/254/254 199/256/256
f 140/257/257 139/255/255 199/256/256 200/258/258
f 141/259/259 140/257/257 200/258/258 201/260/260
f 142/261/261 141/259/259 201/260/260 202/262/262
f 123/224/224 142/261/261 202/262/262 183/225/225
f 144/263/263 143/264/264 223/265/265 224/266/266
f 145/267/267 144/263/263 224/266/266 225/268/268
f 146/269/269 145/267/267 225/268/268 226/270/270
f 147/271/271 146/269/269 226/270/270 227/272/272
f 148/273/273 147/271/271 227/272/272 228/274/274
f 149/344/275 148/273/273 228/274/274 229/339/276
f 150/277/277 149/275/275 229/276/276 230/278/278
f 151/279/279 150/277/277 230/278/278 231/280/280
f 152/281/281 151/279/279 231/280/280 232/282/282
f 153/283/283 152/281/281 232/282/282 233/284/284
f 154/342/285 153/283/283 233/284/284 234/337/286
f 155/287/287 154/285/285 234/286/286 235/288/288
f 156/289/289 155/287/287 235/288/288 236/290/290
f 157/291/291 156/289/289 236/290/290 237/292/292
f 158/293/293 157/291/291 237/292/292 238/294/294
f 159/295/295 158/293/293 238/294/294 239/296/296
f 160/297/297 159/295/295 239/296/296 240/298/298
f 161/299/299 160/297/297 240/298/298 241/300/300
f 162/301/301 161/299/299 241/300/300 242/302/302
f 143/264/264 162/301/301 242/302/302 223/265/265
f 164/40/40 163/4/4 123/224/224 124/223/223
f 165/38/38 164/40/40 124/223/223 125/227/227
f 166/36/36 165/38/38 125/227/227 126/229/229
f 167/34/34 166/36/36 126/229/229 127/231/231
f 168/32/32 167/34/34 127/231/231 128/233/233
f 169/351/30 168/32/32 128/233/233 129/352/235
f 170/28/28 169/30/30 129/235/235 130/237/237
f 171/26/26 170/28/28 130/237/237 131/239/239
f 172/24/24 171/26/26 131/239/239 132/241/241
f 173/22/22 172/24/24 132/241/241 133/243/243
f 174/349/20 173/22/22 133/243/243 134/350/245
f 175/18/18 174/20/20 134/245/245 135/247/247
f 176/16/16 175/18/18 135/247/247 136/249/249
f 177/14/14 176/16/16 136/249/249 137/251/251
f 178/12/12 177/14/14 137/251/251 138/253/253
f 179/10/10 178/12/12 138/253/253 139/255/255
f 180/8/8 179/10/10 139/255/255 140/257/257
f 181/6/6 180/8/8 140/257/257 141/259/259
f 182/3/3 181/6/6 141/259/259 142/261/261
f 163/4/4 182/3/3 142/261/261 123/224/224
f 184/226/226 183/225/225 103/184/184 104/183/183
f 185/228/228 184/226/226 104/183/183 105/187/187
f 186/230/230 185/228/228 105/187/187 106/189/189
f 187/232/232 186/230/230 106/189/189 107/191/191
f 188/234/234 187/232/232 107/191/191 108/193/193
f 189/347/236 188/234/234 108/193/193 109/348/195
f 190/238/238 189/236/236 109/195/195 110/197/197
f 191/240/240 190/238/238 110/197/197 111/199/199
f 192/242/242 191/240/240 111/199/199 112/201/201
f 193/244/244 192/242/242 112/201/201 113/203/203
f 194/345/246 193/244/244 113/203/203 114/346/205
f 195/248/248 194/246/246 114/205/205 115/207/207
f 196/250/250 195/248/248 115/207/207 116/209/209
f 197/252/252 196/250/250 116/209/209 117/211/211
f 198/254/254 197/252/252 117/211/211 118/213/213
f 199/256/256 198/254/254 118/213/213 119/215/215
f 200/258/258 199/256/256 119/215/215 120/217/217
f 201/260/260 200/258/258 120/217/217 121/219/219
f 202/262/262 201/260/260 121/219/219 122/221/221
f 183/225/225 202/262/262 122/221/221 103/184/184
f 204/186/186 203/185/185 143/264/264 144/263/263
f 205/188/188 204/186/186 144/263/263 145/267/267
f 206/190/190 205/188/188 145/267/267 146/269/269
f 207/192/192 206/190/190 146/269/269 147/271/271
f 208/194/194 207/192/192 147/271/271 148/273/273
f 209/343/196 208/194/194 148/273/273 149/344/275
f 210/198/198 209/196/196 149/275/275 150/277/277
f 211/200/200 210/198/198 150/277/277 151/279/279
f 212/202/202 211/200/200 151/279/279 152/281/281
f 213/204/204 212/202/202 152/281/281 153/283/283
f 214/341/206 213/204/204 153/283/283 154/342/285
f 215/208/208 214/206/206 154/285/285 155/287/287
f 216/210/210 215/208/208 155/287/287 156/289/289
f 217/212/212 216/210/210 156/289/289 157/291/291
f 218/214/214 217/212/212 157/291/291 158/293/293
f 219/216/216 218/214/214 158/293/293 159/295/295
f 220/218/218 219/216/216 159/295/295 160/297/297
f 221/220/220 220/218/218 160/297/297 161/299/299
f 222/222/222 221/220/220 161/299/299 162/301/301
f 203/185/185 222/222/222 162/301/301 143/264/264
f 224/266/266 223/265/265 23/43/43 24/42/42
f 225/268/268 224/266/266 24/42/42 25/46/46
f 226/270/270 225/268/268 25/46/46 26/48/48
f 227/272/272 226/270/270 26/48/48 27/50/50
f 228/274/274 227/272/272 27/50/50 28/52/52
f 229/339/276 228/274/274 28/52/52 29/340/54
f 230/278/278 229/276/276 29/54/54 30/56/56
f 231/280/280 230/278/278 30/56/56 31/58/58
f 232/282/282 231/280/280 31/58/58 32/60/60
f 233/284/284 232/282/282 32/60/60 33/62/62
f 234/337/286 233/284/284 33/62/62 34/338/64
f 235/288/288 234/286/286 34/64/64 35/66/66
f 236/290/290 235/288/288 35/66/66 36/68/68
f 237/292/292 236/290/290 36/68/68 37/70/70
f 238/294/294 237/292/292 37/70/70 38/72/72
f 239/296/296 238/294/294 38/72/72 39/74/74
f 240/298/298 239/296/296 39/74/74 40/76/76
f 241/300/300 240/298/298 40/76/76 41/78/78
f 242/302/302 241/300/300 41/78/78 42/80/80
f 223/265/265 242/302/302 42/80/80 23/43/43
f 244/45/45 243/44/44 83/144/144 84/143/143
f 245/47/47 244/45/45 84/143/143 85/147/147
f 246/49/49 245/47/47 85/147/147 86/149/149
f 247/51/51 246/49/49 86/149/149 87/151/151
f 248/53/53 247/51/51 87/151/151 88/153/153
f 249/335/55 248/53/53 88/153/153 89/336/155
f 250/57/57 249/55/55 89/155/155 90/157/157
f 251/59/59 250/57/57 90/157/157 91/159/159
f 252/61/61 251/59/59 91/159/159 92/161/161
f 253/63/63 252/61/61 92/161/161 93/163/163
f 254/333/65 253/63/63 93/163/163 94/334/165
f 255/67/67 254/65/65 94/165/165 95/167/167
f 256/69/69 255/67/67 95/167/167 96/169/169
f 257/71/71 256/69/69 96/169/169 97/171/171
f 258/73/73 257/71/71 97/171/171 98/173/173
f 259/75/75 258/73/73 98/173/173 99/175/175
f 260/77/77 259/75/75 99/175/175 100/177/177
f 261/79/79 260/77/77 100/177/177 101/179/179
f 262/81/81 261/79/79 101/179/179 102/181/181
f 243/44/44 262/81/81 102/181/181 83/144/144
f 264/146/146 263/145/145 43/83/83 44/82/82
f 265/148/148 264/146/146 44/82/82 45/86/86
f 266/150/150 265/148/148 45/86/86 46/88/88
f 267/152/152 266/150/150 46/88/88 47/90/90
f 268/154/154 267/152/152 47/90/90 48/92/92
f 269/331/156 268/154/154 48/92/92 49/332/94
f 270/158/158 269/156/156 49/94/94 50/96/96
f 271/160/160 270/158/158 50/96/96 51/98/98
f 272/162/162 271/160/160 51/98/98 52/100/100
f 273/164/164 272/162/162 52/100/100 53/102/102
f 274/329/166 273/164/164 53/102/102 54/330/104
f 275/168/168 274/166/166 54/104/104 55/106/106
f 276/170/170 275/168/168 55/106/106 56/108/108
f 277/172/172 276/170/170 56/108/108 57/110/110
f 278/174/174 277/172/172 57/110/110 58/112/112
f 279/176/176 278/174/174 58/112/112 59/114/114
f 280/178/178 279/176/176 59/114/114 60/116/116
f 281/180/180 280/178/178 60/116/116 61/118/118
f 282/182/182 281/180/180 61/118/118 62/120/120
f 263/145/145 282/182/182 62/120/120 43/83/83
f 284/85/85 283/84/84 303/303/303 304/304/304
f 285/87/87 284/85/85 304/304/304 305/305/305
f 286/89/89 285/87/87 305/305/305 306/306/306
f 287/91/91 286/89/89 306/306/306 307/307/307
f 288/93/93 287/91/91 307/307/307 308/308/308
f 289/328/95 288/93/93 308/308/308 309/325/309
f 290/97/97 289/95/95 309/309/309 310/310/310
f 291/99/99 290/97/97 310/310/310 311/311/311
f 292/101/101 291/99/99 311/311/311 312/312/312
f 293/103/103 292/101/101 312/312/312 313/313/313
f 294/327/105 293/103/103 313/313/313 314/323/314
f 295/107/107 294/105/105 314/314/314 315/315/315
f 296/109/109 295/107/107 315/315/315 316/316/316
f 297/111/111 296/109/109 316/316/316 317/317/317
f 298/113/113 297/111/111 317/317/317 318/318/318
f 299/115/115 298/113/113 318/318/318 319/319/319
f 300/117/117 299/115/115 319/319/319 320/320/320
f 301/119/119 300/117/117 320/320/320 321/321/321
f 302/121/121 301/119/119 321/321/321 322/322/322
f 283/84/84 302/121/121 322/322/322 303/303/303
f 304/304/304 303/303/303 63/123/123 64/122/122
f 305/305/305 304/304/304 64/122/122 65/125/125
f 306/306/306 305/305/305 65/125/125 66/126/126
f 307/307/307 306/306/306 66/126/126 67/127/127
f 308/308/308 307/307/307 67/127/127 68/128/128
f 309/325/309 308/308/308 68/128/128 69/326/129
f 310/310/310 309/309/309 69/129/129 70/130/130
f 311/311/311 310/310/310 70/130/130 71/131/131
f 312/312/312 311/311/311 71/131/131 72/132/132
f 313/313/313 312/312/312 72/132/132 73/133/133
f 314/323/314 313/313/313 73/133/133 74/324/134
f 315/315/315 314/314/314 74/134/134 75/135/135
f 316/316/316 315/315/315 75/135/135 76/136/136
f 317/317/317 316/316/316 76/136/136 77/137/137
f 318/318/318 317/317/317 77/137/137 78/138/138
f 319/319/319 318/318/318 78/138/138 79/139/139
f 320/320/320 319/319/319 79/139/139 80/140/140
f 321/321/321 320/320/320 80/140/140 81/141/141
f 322/322/322 321/321/321 81/141/141 82/142/142
f 303/303/303 322/322/322 82/142/142 63/123/123
g default
v 29.557221 28.966892 -21.889680
v 30.939557 28.582484 -23.630280
v 32.427746 27.599894 -25.011622
v 33.876118 26.115319 -25.898500
v 35.142895 24.274074 -26.204101
v 36.104072 22.256391 -25.898498
v 36.665564 20.259776 -25.011624
v 36.772414 18.479673 -23.630276
v 36.414153 17.090330 -21.889687
v 35.625862 16.227744 -19.960216
v 34.484693 15.976353 -18.030754
v 33.102353 16.360764 -16.290157
v 31.614161 17.343345 -14.908817
v 30.165788 18.827921 -14.021943
v 28.899016 20.669168 -13.716339
v 27.937838 22.686846 -14.021941
v 27.376344 24.683468 -14.908809
v 27.269496 26.463570 -16.290156
v 27.627757 27.852915 -18.030754
v 28.416053 28.715497 -19.960219
v -8.557181 12.038741 -41.661772
v 32.020954 22.471624 -19.960221
v 6.694441 19.524887 -30.831193
v 6.346504 19.448235 -30.242907
v 6.106164 19.185240 -29.654627
v 5.996925 18.761635 -29.123935
v 6.029503 18.218891 -28.702771
v 6.200697 17.610132 -28.432360
v 6.493759 16.994953 -28.339188
v 6.879989 16.433568 -28.432361
v 7.321590 15.980930 -28.702771
v 7.775337 15.681345 -29.123935
v 8.196801 15.564142 -29.654634
v 8.544740 15.640789 -30.242905
v 8.785085 15.903786 -30.831193
v 8.894313 16.327389 -31.361894
v 8.861741 16.870136 -31.783052
v 8.690545 17.478890 -32.053465
v 8.397483 18.094071 -32.146636
v 8.011253 18.655457 -32.053465
v 7.569653 19.108097 -31.783052
v 7.115909 19.407683 -31.361887
v -0.781144 19.493725 -38.918487
v -1.037955 19.437152 -38.484257
v -1.215363 19.243026 -38.050035
v -1.295997 18.930353 -37.658325
v -1.271951 18.529742 -37.347449
v -1.145585 18.080406 -37.147861
v -0.929268 17.626330 -37.079081
v -0.644184 17.211958 -37.147862
v -0.318229 16.877857 -37.347446
v 0.016685 16.656724 -37.658326
v 0.327787 16.570215 -38.050036
v 0.584604 16.626791 -38.484255
v 0.762009 16.820913 -38.918485
v 0.842629 17.133582 -39.310206
v 0.818588 17.534199 -39.621077
v 0.692223 17.983531 -39.820663
v 0.475915 18.437612 -39.889440
v 0.190828 18.851979 -39.820666
v -0.135131 19.186085 -39.621076
v -0.470047 19.407213 -39.310204
v -7.837133 14.149627 -41.989305
v -7.889002 14.138201 -41.901598
v -7.924831 14.098991 -41.813901
v -7.941121 14.035838 -41.734785
v -7.936261 13.954924 -41.671989
v -7.910739 13.864164 -41.631684
v -7.867052 13.772459 -41.617787
v -7.809471 13.688764 -41.631684
v -7.743634 13.621285 -41.671989
v -7.675987 13.576621 -41.734787
v -7.613153 13.559148 -41.813901
v -7.561282 13.570576 -41.901599
v -7.525453 13.609782 -41.989305
v -7.509164 13.672936 -42.068421
v -7.514027 13.753849 -42.131214
v -7.539547 13.844608 -42.171521
v -7.583234 13.936318 -42.185409
v -7.640815 14.020009 -42.171521
v -7.706654 14.087488 -42.131214
v -7.774293 14.132152 -42.068421
v 4.195458 20.014832 -37.836540
v 3.878238 19.944946 -37.300191
v 3.659111 19.705167 -36.763834
v 3.559520 19.318955 -36.279983
v 3.589222 18.824123 -35.895996
v 3.745304 18.269101 -35.649462
v 4.012488 17.708225 -35.564509
v 4.364633 17.196396 -35.649463
v 4.767249 16.783715 -35.895994
v 5.180940 16.510574 -36.279983
v 5.565200 16.403716 -36.763832
v 5.882423 16.473600 -37.300187
v 6.101551 16.713379 -37.836539
v 6.201142 17.099590 -38.320390
v 6.171441 17.594426 -38.704379
v 6.015358 18.149444 -38.950911
v 5.748169 18.710321 -39.035862
v 5.396030 19.222151 -38.950911
v 4.993413 19.634831 -38.704379
v 4.579721 19.907973 -38.320390
v 15.633424 26.359154 -28.994511
v 15.027129 26.222532 -27.978179
v 14.605669 25.765780 -26.961844
v 14.410291 25.033600 -26.045002
v 14.460124 24.097667 -25.317384
v 14.750291 23.049598 -24.850227
v 15.252386 21.991985 -24.689251
v 15.917260 21.028351 -24.850228
v 16.679827 20.253026 -25.317386
v 17.465449 19.741902 -26.045002
v 18.197225 19.545015 -26.961849
v 18.803518 19.681634 -27.978179
v 19.224979 20.138389 -28.994511
v 19.420356 20.870567 -29.911363
v 19.370527 21.806501 -30.638979
v 19.080358 22.854566 -31.106139
v 18.578266 23.912183 -31.267106
v 17.913386 24.875819 -31.106141
v 17.150818 25.651143 -30.638977
v 16.365197 26.162267 -29.911363
v 22.611935 25.488785 -24.111716
v 21.688756 25.285410 -22.550826
v 21.051051 24.587606 -20.989940
v 20.761222 23.463661 -19.581845
v 20.847659 22.023605 -18.464372
v 21.301895 20.408393 -17.746912
v 22.079463 18.776138 -17.499688
v 23.104251 17.286619 -17.746912
v 24.275949 16.085636 -18.464369
v 25.479854 15.290750 -19.581845
v 26.598131 14.979772 -20.989939
v 27.521307 15.183141 -22.550822
v 28.159019 15.880951 -24.111718
v 28.448838 17.004894 -25.519811
v 28.362403 18.444953 -26.637279
v 27.908171 20.060164 -27.354743
v 27.130598 21.692417 -27.601967
v 26.105813 23.181935 -27.354747
v 24.934113 24.382921 -26.637283
v 23.730207 25.177810 -25.519813
v 11.056536 22.662195 -31.392286
v 10.610792 22.564000 -30.638634
v 10.302887 22.227070 -29.884975
v 10.162945 21.684389 -29.205102
v 10.204678 20.989073 -28.665541
v 10.424003 20.209186 -28.319123
v 10.799441 19.421076 -28.199752
v 11.294249 18.701882 -28.319122
v 11.859984 18.122002 -28.665542
v 12.441279 17.738199 -29.205102
v 12.981224 17.588047 -29.884982
v 13.426972 17.686241 -30.638629
v 13.734877 18.023171 -31.392288
v 13.874816 18.565852 -32.072174
v 13.833080 19.261167 -32.611728
v 13.613756 20.041050 -32.958148
v 13.238318 20.829165 -33.077511
v 12.743509 21.548361 -32.958148
v 12.177772 22.128242 -32.611730
v 11.596482 22.512047 -32.072170
v 26.225759 26.855643 -22.890134
v 25.258977 26.642660 -21.255527
v 24.591149 25.911891 -19.620911
v 24.287634 24.734862 -18.146307
v 24.378155 23.226794 -16.976055
v 24.853842 21.535291 -16.224710
v 25.668141 19.825943 -15.965811
v 26.741329 18.266068 -16.224710
v 27.968362 17.008360 -16.976058
v 29.229136 16.175930 -18.146307
v 30.400230 15.850265 -19.620914
v 31.367014 16.063240 -21.255518
v 32.034842 16.794005 -22.890136
v 32.338351 17.971034 -24.364739
v 32.247832 19.479111 -25.534989
v 31.772142 21.170607 -26.286337
v 30.957849 22.879956 -26.545234
v 29.884656 24.439830 -26.286337
v 28.657621 25.697539 -25.534989
v 27.396844 26.529971 -24.364743
v 18.956573 25.620399 -26.348690
v 18.226054 25.459467 -25.113544
v 17.721428 24.907288 -23.878397
v 17.492087 24.017890 -22.764155
v 17.560483 22.878360 -21.879887
v 17.919925 21.600225 -21.312148
v 18.535225 20.308602 -21.116516
v 19.346152 19.129928 -21.312148
v 20.273327 18.179577 -21.879887
v 21.225993 17.550575 -22.764155
v 22.110900 17.304492 -23.878395
v 22.841422 17.465423 -25.113537
v 23.346047 18.017605 -26.348692
v 23.575383 18.906995 -27.462939
v 23.506986 20.046530 -28.347205
v 23.147548 21.324665 -28.914939
v 22.532248 22.616287 -29.110571
v 21.721321 23.794962 -28.914939
v 20.794143 24.745312 -28.347205
v 19.841475 25.374315 -27.462937
v 13.034072 24.588849 -30.102379
v 12.475203 24.465724 -29.157441
v 12.089149 24.043287 -28.212516
v 11.913696 23.362874 -27.360088
v 11.966022 22.491090 -26.683589
v 12.241004 21.513271 -26.249246
v 12.711731 20.525137 -26.099584
v 13.332120 19.623411 -26.249249
v 14.041437 18.896358 -26.683587
v 14.770266 18.415150 -27.360088
v 15.447246 18.226889 -28.212520
v 16.006118 18.350006 -29.157443
v 16.392174 18.772446 -30.102379
v 16.567625 19.452861 -30.954817
v 16.515303 20.324643 -31.631305
v 16.240318 21.302457 -32.065647
v 15.769595 22.290596 -32.215306
v 15.149202 23.192322 -32.065649
v 14.439889 23.919375 -31.631305
v 13.711062 24.400583 -30.954809
v 8.835876 21.244614 -30.120936
v 8.413967 21.151663 -29.407577
v 8.122521 20.832753 -28.694225
v 7.990066 20.319089 -28.050696
v 8.029566 19.660950 -27.539994
v 8.237163 18.922767 -27.212094
v 8.592521 18.176797 -27.099106
v 9.060875 17.496055 -27.212094
v 9.596358 16.947182 -27.539994
v 10.146576 16.583902 -28.050695
v 10.657646 16.441780 -28.694228
v 11.079558 16.534722 -29.407579
v 11.371005 16.853637 -30.120935
v 11.503455 17.367300 -30.764468
v 11.463955 18.025440 -31.275174
v 11.256361 18.763618 -31.603074
v 10.900997 19.509594 -31.716048
v 10.432646 20.190334 -31.603074
v 9.897162 20.739205 -31.275174
v 9.346946 21.102489 -30.764463
v 5.181529 20.584140 -35.064887
v 4.864305 20.514254 -34.528540
v 4.645180 20.274474 -33.992179
v 4.545588 19.888264 -33.508338
v 4.575289 19.393427 -33.124349
v 4.731375 18.838410 -32.877809
v 4.998558 18.277535 -32.792865
v 5.350701 17.765705 -32.877809
v 5.753318 17.353022 -33.124349
v 6.167007 17.079880 -33.508337
v 6.551268 16.973021 -33.992186
v 6.868490 17.042903 -34.528540
v 7.087624 17.282688 -35.064887
v 7.187208 17.668894 -35.548743
v 7.157512 18.163734 -35.932726
v 7.001426 18.718749 -36.179265
v 6.734238 19.279628 -36.264208
v 6.382099 19.791458 -36.179266
v 5.979484 20.204139 -35.932726
v 5.565787 20.477279 -35.548743
v 0.993691 20.518426 -37.735258
v 0.736870 20.461850 -37.301037
v 0.559465 20.267726 -36.866817
v 0.478841 19.955056 -36.475093
v 0.502887 19.554443 -36.164225
v 0.629250 19.105107 -35.964627
v 0.845560 18.651030 -35.895863
v 1.130650 18.236657 -35.964627
v 1.456602 17.902556 -36.164224
v 1.791522 17.681426 -36.475093
v 2.102614 17.594914 -36.866817
v 2.359436 17.651491 -37.301039
v 2.536842 17.845613 -37.735259
v 2.617465 18.158285 -38.126983
v 2.593421 18.558899 -38.437861
v 2.467055 19.008233 -38.637447
v 2.250744 19.462310 -38.706217
v 1.965659 19.876683 -38.637450
v 1.639701 20.210786 -38.437860
v 1.304783 20.431917 -38.126983
v -2.571295 16.957231 -39.318109
v -2.760183 16.915616 -38.998762
v -2.890656 16.772846 -38.679398
v -2.949954 16.542887 -38.391303
v -2.932268 16.248247 -38.162671
v -2.839335 15.917781 -38.015876
v -2.680241 15.583819 -37.965293
v -2.470573 15.279066 -38.015876
v -2.230844 15.033346 -38.162667
v -1.984521 14.870709 -38.391303
v -1.755721 14.807085 -38.679395
v -1.566847 14.848694 -38.998761
v -1.436363 14.991466 -39.318112
v -1.377068 15.221423 -39.606210
v -1.394760 15.516062 -39.834843
v -1.487685 15.846534 -39.981639
v -1.646782 16.180490 -40.032220
v -1.856450 16.485250 -39.981638
v -2.096185 16.730965 -39.834843
v -2.342504 16.893599 -39.606213
v -6.545984 14.974725 -41.894963
v -6.647114 14.952447 -41.723948
v -6.716980 14.876000 -41.552949
v -6.748733 14.752870 -41.398695
v -6.739257 14.595105 -41.276277
v -6.689499 14.418156 -41.197676
v -6.604315 14.239341 -41.170591
v -6.492048 14.076161 -41.197676
v -6.363687 13.944590 -41.276275
v -6.231795 13.857508 -41.398695
v -6.109283 13.823438 -41.552949
v -6.008144 13.845719 -41.723948
v -5.938288 13.922165 -41.894963
v -5.906532 14.045294 -42.049218
v -5.916005 14.203059 -42.171637
v -5.965765 14.380011 -42.250238
v -6.050951 14.558823 -42.277320
v -6.163216 14.722006 -42.250238
v -6.291581 14.853575 -42.171637
v -6.423470 14.940657 -42.049218
vt 0.861860 0.180053
vt 0.856534 0.178515
vt 0.862626 0.166863
vt 0.869059 0.169406
vt 0.850998 0.178002
vt 0.855848 0.165359
vt 0.845343 0.178456
vt 0.848853 0.164812
vt 0.839624 0.179840
vt 0.841739 0.165058
vt 0.833874 0.182171
vt 0.834588 0.165846
vt 0.828109 0.185528
vt 0.827461 0.166784
vt 0.822289 0.190047
vt 0.820361 0.167244
vt 0.800341 0.036243
vt 0.045780 0.057545
vt 0.798508 0.044136
vt 0.044998 0.050561
vt 0.799204 0.052209
vt 0.045190 0.043481
vt 0.802360 0.059672
vt 0.046281 0.036475
vt 0.807668 0.065794
vt 0.048068 0.029669
vt 0.879479 0.216780
vt 0.895245 0.209966
vt 0.880338 0.209641
vt 0.893583 0.202718
vt 0.879735 0.202883
vt 0.891295 0.195700
vt 0.877939 0.196621
vt 0.888332 0.189062
vt 0.875165 0.190992
vt 0.884591 0.182992
vt 0.871329 0.186333
vt 0.880211 0.177548
vt 0.866846 0.182661
vt 0.874982 0.172987
vt 0.851382 0.205382
vt 0.923855 0.105187
vt 0.921551 0.103327
vt 0.926236 0.087304
vt 0.927513 0.088917
vt 0.925776 0.107129
vt 0.928615 0.090678
vt 0.927487 0.109042
vt 0.929699 0.092500
vt 0.929256 0.110809
vt 0.930975 0.094256
vt 0.931220 0.112389
vt 0.932571 0.095835
vt 0.933358 0.113814
vt 0.934481 0.097166
vt 0.935624 0.115102
vt 0.936602 0.098155
vt 0.141165 0.034791
vt 0.154094 0.046561
vt 0.140299 0.037105
vt 0.153219 0.048666
vt 0.139780 0.039493
vt 0.152732 0.050950
vt 0.139617 0.041882
vt 0.152613 0.053295
vt 0.139808 0.044247
vt 0.152793 0.055615
vt 0.902384 0.095514
vt 0.912279 0.083635
vt 0.904687 0.095658
vt 0.914403 0.083242
vt 0.907259 0.096166
vt 0.916571 0.083162
vt 0.910079 0.097097
vt 0.918753 0.083423
vt 0.913002 0.098417
vt 0.920906 0.083952
vt 0.915971 0.099953
vt 0.922935 0.084761
vt 0.918882 0.101582
vt 0.924714 0.085903
vt 0.941632 0.064364
vt 0.940196 0.063707
vt 0.946816 0.055012
vt 0.948163 0.055763
vt 0.943092 0.064993
vt 0.949505 0.056462
vt 0.944575 0.065613
vt 0.950832 0.057109
vt 0.946084 0.066257
vt 0.952137 0.057714
vt 0.947615 0.066959
vt 0.953424 0.058294
vt 0.949170 0.067748
vt 0.954698 0.058861
vt 0.950746 0.068630
vt 0.955967 0.059422
vt 0.182269 0.049257
vt 0.192243 0.048581
vt 0.182253 0.051098
vt 0.192111 0.049904
vt 0.182171 0.052933
vt 0.191989 0.051227
vt 0.182052 0.054750
vt 0.191890 0.052547
vt 0.181916 0.056547
vt 0.191823 0.053866
vt 0.931608 0.056785
vt 0.938825 0.048660
vt 0.932700 0.058117
vt 0.939702 0.049675
vt 0.933802 0.059328
vt 0.940677 0.050658
vt 0.934949 0.060415
vt 0.941755 0.051603
vt 0.936158 0.061382
vt 0.942930 0.052506
vt 0.937435 0.062250
vt 0.944185 0.053366
vt 0.938792 0.063008
vt 0.945482 0.054210
vt 0.960407 0.035349
vt 0.960073 0.035229
vt 0.965215 0.029297
vt 0.960748 0.035416
vt 0.961089 0.035427
vt 0.961426 0.035393
vt 0.961761 0.035350
vt 0.962105 0.035336
vt 0.962452 0.035377
vt 0.216338 0.050742
vt 0.216366 0.051099
vt 0.216361 0.051469
vt 0.216332 0.051842
vt 0.216280 0.052208
vt 0.959028 0.033210
vt 0.958978 0.033571
vt 0.958987 0.033922
vt 0.959075 0.034261
vt 0.959241 0.034569
vt 0.959474 0.034836
vt 0.959757 0.035057
vt 0.930668 0.078496
vt 0.928726 0.077052
vt 0.936659 0.070554
vt 0.938034 0.071244
vt 0.932634 0.080215
vt 0.939371 0.071984
vt 0.934657 0.082065
vt 0.940656 0.072765
vt 0.936736 0.083890
vt 0.941826 0.073687
vt 0.938748 0.085697
vt 0.942892 0.074682
vt 0.940565 0.087455
vt 0.943856 0.075791
vt 0.942145 0.089165
vt 0.944775 0.077022
vt 0.162440 0.053234
vt 0.174248 0.048855
vt 0.161668 0.055222
vt 0.173698 0.050532
vt 0.161305 0.057266
vt 0.173380 0.052349
vt 0.161311 0.059361
vt 0.173319 0.054252
vt 0.161568 0.061515
vt 0.173499 0.056160
vt 0.914846 0.072128
vt 0.925987 0.064470
vt 0.916873 0.072790
vt 0.927417 0.065791
vt 0.918895 0.073475
vt 0.928971 0.066993
vt 0.920893 0.074111
vt 0.930579 0.068007
vt 0.922850 0.074695
vt 0.932187 0.068788
vt 0.924809 0.075258
vt 0.933749 0.069386
vt 0.926773 0.075983
vt 0.935237 0.069939
vt 0.896783 0.137535
vt 0.893556 0.135680
vt 0.900456 0.127039
vt 0.903784 0.128717
vt 0.899882 0.139613
vt 0.906958 0.130541
vt 0.902854 0.142003
vt 0.909988 0.132566
vt 0.905756 0.144748
vt 0.912907 0.134797
vt 0.908726 0.147783
vt 0.915772 0.137187
vt 0.911920 0.150940
vt 0.918656 0.139678
vt 0.915396 0.153994
vt 0.921638 0.142242
vt 0.101746 0.039053
vt 0.112900 0.039129
vt 0.100449 0.043152
vt 0.112295 0.043001
vt 0.099669 0.047580
vt 0.111803 0.046787
vt 0.099442 0.052110
vt 0.111518 0.050579
vt 0.099845 0.056541
vt 0.111522 0.054414
vt 0.867703 0.124873
vt 0.876912 0.113212
vt 0.871584 0.127031
vt 0.879822 0.115967
vt 0.875540 0.128709
vt 0.882981 0.118311
vt 0.879405 0.130105
vt 0.886351 0.120315
vt 0.883085 0.131391
vt 0.889884 0.122146
vt 0.886659 0.132719
vt 0.893451 0.123827
vt 0.890150 0.134135
vt 0.896994 0.125433
vt 0.884288 0.163759
vt 0.877899 0.159608
vt 0.886373 0.147826
vt 0.891255 0.150822
vt 0.889833 0.168620
vt 0.895691 0.154274
vt 0.894438 0.174085
vt 0.899621 0.158221
vt 0.898281 0.179921
vt 0.903124 0.162606
vt 0.901542 0.186050
vt 0.906451 0.167246
vt 0.904579 0.192300
vt 0.909903 0.171896
vt 0.907732 0.198547
vt 0.913729 0.176261
vt 0.063474 0.029326
vt 0.083734 0.034120
vt 0.061059 0.035281
vt 0.081413 0.038683
vt 0.059649 0.041407
vt 0.080166 0.043695
vt 0.059365 0.047643
vt 0.079970 0.048873
vt 0.060209 0.053874
vt 0.080844 0.053950
vt 0.826228 0.148465
vt 0.847119 0.134453
vt 0.833278 0.150067
vt 0.852571 0.136543
vt 0.840651 0.150818
vt 0.858382 0.138075
vt 0.848219 0.151327
vt 0.864277 0.139423
vt 0.855873 0.152153
vt 0.870087 0.140946
vt 0.863491 0.153724
vt 0.875730 0.142844
vt 0.870901 0.156222
vt 0.881176 0.145148
vt 0.908301 0.118688
vt 0.905238 0.117712
vt 0.914564 0.113022
vt 0.917354 0.114232
vt 0.911435 0.119873
vt 0.919961 0.115336
vt 0.914583 0.121537
vt 0.922379 0.116563
vt 0.917689 0.123695
vt 0.924691 0.117988
vt 0.920732 0.126167
vt 0.926982 0.119586
vt 0.923659 0.128751
vt 0.929270 0.121348
vt 0.926420 0.131269
vt 0.931380 0.123361
vt 0.123229 0.041114
vt 0.130740 0.034444
vt 0.123187 0.044418
vt 0.130622 0.037490
vt 0.122960 0.047702
vt 0.130244 0.040438
vt 0.122626 0.050898
vt 0.129797 0.043353
vt 0.122438 0.054045
vt 0.129545 0.046305
vt 0.888656 0.106679
vt 0.896424 0.100409
vt 0.890094 0.108991
vt 0.898076 0.102354
vt 0.891965 0.111013
vt 0.900293 0.104233
vt 0.894163 0.112793
vt 0.902898 0.106082
vt 0.896703 0.114274
vt 0.905742 0.107965
vt 0.899422 0.115568
vt 0.908692 0.109809
vt 0.902275 0.116703
vt 0.911656 0.111535
vt 0.956713 0.038980
vt 0.957367 0.039279
vt 0.958029 0.039566
vt 0.958697 0.039853
vt 0.959367 0.040145
vt 0.960039 0.040444
vt 0.960712 0.040747
vt 0.961387 0.041051
vt 0.211201 0.051540
vt 0.211051 0.052242
vt 0.210938 0.052952
vt 0.210879 0.053669
vt 0.210885 0.054389
vt 0.952857 0.035900
vt 0.953282 0.036478
vt 0.953762 0.037009
vt 0.954287 0.037489
vt 0.954852 0.037923
vt 0.955449 0.038313
vt 0.956072 0.038663
vt 0.210965 0.055105
vt 0.216213 0.052563
vt 0.962065 0.041348
vt 0.962802 0.035477
vt 0.191803 0.055185
vt 0.957236 0.059973
vt 0.173900 0.057976
vt 0.181772 0.058332
vt 0.945774 0.078319
vt 0.952344 0.069585
vt 0.153120 0.057874
vt 0.161986 0.063729
vt 0.938817 0.098781
vt 0.943583 0.090658
vt 0.129704 0.049281
vt 0.140241 0.046620
vt 0.933307 0.125644
vt 0.937937 0.116185
vt 0.111836 0.058295
vt 0.122636 0.057194
vt 0.924794 0.144794
vt 0.928761 0.133711
vt 0.082761 0.058695
vt 0.100840 0.060674
vt 0.918099 0.179956
vt 0.919118 0.156780
vt 0.047479 0.064250
vt 0.062217 0.059970
vt 0.896292 0.217346
vt 0.911340 0.204649
vt 0.222249 0.049150
vt 0.824341 0.045976
vt 0.032904 0.029602
vt 0.876824 0.224242
vt 0.032182 0.069803
vt 0.804523 0.029303
vt 0.030829 0.037511
vt 0.029566 0.045615
vt 0.029297 0.053801
vt 0.030143 0.061919
vn 0.200983 0.976420 0.078800
vn 0.319834 0.935736 -0.148676
vn -0.234865 0.793367 -0.561611
vn -0.362403 0.889017 -0.279845
vn 0.454516 0.819028 -0.350155
vn -0.098379 0.608563 -0.787384
vn 0.591387 0.631750 -0.501153
vn 0.030479 0.360121 -0.932408
vn 0.714788 0.390624 -0.580078
vn 0.137910 0.080112 -0.987200
vn 0.810016 0.122252 -0.573523
vn 0.215289 -0.201911 -0.955449
vn 0.866005 -0.141643 -0.479555
vn 0.258616 -0.463226 -0.847667
vn 0.876615 -0.369808 -0.307877
vn 0.266584 -0.687023 -0.675968
vn 0.840723 -0.535804 -0.078093
vn 0.239040 -0.859212 -0.452343
vn 0.762189 -0.621036 0.182708
vn 0.176676 -0.965742 -0.190074
vn 0.649898 -0.617406 0.443219
vn 0.082043 -0.992275 0.093054
vn 0.517155 -0.528939 0.672885
vn -0.038541 -0.927480 0.371880
vn 0.379575 -0.370781 0.847611
vn -0.173544 -0.769547 0.614557
vn 0.252049 -0.165054 0.953535
vn -0.307170 -0.531981 0.789077
vn 0.146263 0.064509 0.987140
vn -0.423200 -0.242914 0.872866
vn 0.069807 0.296581 0.952453
vn -0.509217 0.062862 0.858340
vn 0.026741 0.513792 0.857498
vn -0.558185 0.352766 0.750990
vn 0.018749 0.702174 0.711759
vn -0.567257 0.600208 0.563888
vn 0.046091 0.849646 0.525335
vn -0.536027 0.783552 0.314200
vn 0.107783 0.944734 0.309612
vn -0.466107 0.884415 0.023552
vn 0.750000 0.433013 0.500000
vn -0.394995 0.910904 0.119302
vn -0.126933 0.988695 -0.079810
vn 0.105487 0.993945 0.030748
vn -0.216146 0.964174 0.153786
vn -0.631797 0.712888 0.304341
vn -0.565404 0.778424 0.272717
vn -0.786210 0.428400 0.445362
vn -0.831945 0.438448 0.340046
vn -0.842501 0.116060 0.526044
vn -0.939011 0.064915 0.337703
vn -0.818033 -0.181801 0.545684
vn -0.924528 -0.241908 0.294498
vn -0.735372 -0.443471 0.512407
vn -0.848655 -0.472932 0.236898
vn -0.611998 -0.659699 0.436184
vn -0.738973 -0.650912 0.173878
vn -0.459343 -0.826810 0.324636
vn -0.597854 -0.794710 0.104909
vn -0.284384 -0.941168 0.182560
vn -0.411605 -0.911021 0.024929
vn -0.092111 -0.995655 0.013688
vn -0.153493 -0.985422 -0.073378
vn 0.112055 -0.977985 -0.176037
vn 0.198946 -0.961109 -0.191545
vn 0.319890 -0.870668 -0.373641
vn 0.589387 -0.749402 -0.301694
vn 0.513781 -0.656077 -0.552804
vn 0.854556 -0.379711 -0.354336
vn 0.654491 -0.340859 -0.674875
vn 0.936762 -0.014476 -0.349668
vn 0.701535 0.019625 -0.712365
vn 0.907901 0.273579 -0.317599
vn 0.651418 0.356096 -0.669962
vn 0.824576 0.495434 -0.273165
vn 0.526730 0.630092 -0.570561
vn 0.706881 0.672455 -0.219372
vn 0.348417 0.831175 -0.433306
vn 0.555436 0.817168 -0.154036
vn 0.127699 0.954960 -0.267851
vn 0.360194 0.930065 -0.072378
vn -0.658215 0.741106 -0.132344
vn -0.529592 0.746559 -0.402718
vn -0.510752 0.775930 -0.370224
vn -0.640959 0.763069 -0.083048
vn -0.733504 0.662046 0.153837
vn -0.716556 0.665167 0.210000
vn -0.743599 0.512466 0.429464
vn -0.728876 0.491329 0.476798
vn -0.682520 0.304211 0.664546
vn -0.677339 0.260626 0.687958
vn -0.554011 0.058517 0.830450
vn -0.569098 -0.001332 0.822268
vn -0.372539 -0.197167 0.906830
vn -0.416599 -0.267055 0.868980
vn -0.159743 -0.435121 0.886088
vn -0.235115 -0.510807 0.826920
vn 0.061023 -0.632103 0.772478
vn -0.041235 -0.710529 0.702459
vn 0.268145 -0.770474 0.578332
vn 0.147854 -0.848614 0.507931
vn 0.442279 -0.837204 0.321681
vn 0.315030 -0.912546 0.260799
vn 0.566199 -0.823839 0.026607
vn 0.444116 -0.895809 -0.016930
vn 0.626277 -0.729033 -0.276203
vn 0.521416 -0.798983 -0.299584
vn 0.615846 -0.561878 -0.552292
vn 0.537684 -0.630656 -0.559615
vn 0.537762 -0.342271 -0.770495
vn 0.490394 -0.407373 -0.770429
vn 0.403453 -0.096533 -0.909894
vn 0.384752 -0.151791 -0.910453
vn 0.229260 0.148792 -0.961926
vn 0.232485 0.110712 -0.966278
vn 0.032725 0.371151 -0.927996
vn 0.049205 0.355310 -0.933453
vn -0.169446 0.553107 -0.815697
vn -0.147779 0.559751 -0.815377
vn -0.361800 0.681548 -0.636077
vn -0.340508 0.704998 -0.622119
vn -0.704379 0.697893 -0.129596
vn -0.630862 0.646387 -0.429182
vn -0.694396 -0.645917 -0.317183
vn -0.721355 0.664712 0.194435
vn -0.672782 0.546362 0.498851
vn -0.563535 0.361026 0.743026
vn -0.409479 0.136307 0.902080
vn -0.232825 -0.102864 0.967063
vn -0.054034 -0.339957 0.938887
vn 0.112468 -0.563106 0.818695
vn 0.253714 -0.755297 0.604281
vn 0.351775 -0.886321 0.301148
vn 0.386761 -0.920453 -0.056417
vn 0.351981 -0.844732 -0.403159
vn 0.263698 -0.684506 -0.679643
vn 0.147686 -0.480608 -0.864410
vn 0.020256 -0.262187 -0.964805
vn -0.113101 -0.043806 -0.992617
vn -0.250256 0.166470 -0.953761
vn -0.388004 0.360706 -0.848142
vn -0.519204 0.526738 -0.673034
vn -0.122231 0.978430 0.166536
vn 0.034817 0.996200 -0.079835
vn -0.072832 0.996129 -0.049224
vn -0.141543 0.963121 0.228831
vn -0.288631 0.869839 0.400090
vn -0.197782 0.858699 0.472778
vn -0.450207 0.658617 0.602941
vn -0.239645 0.695180 0.677714
vn -0.577604 0.344989 0.739835
vn -0.265851 0.477665 0.837352
vn -0.635595 -0.030306 0.771428
vn -0.274625 0.208278 0.938723
vn -0.609373 -0.389833 0.690431
vn -0.264048 -0.106415 0.958621
vn -0.515342 -0.671158 0.532887
vn -0.233726 -0.441824 0.866120
vn -0.379778 -0.859015 0.343309
vn -0.185730 -0.739867 0.646607
vn -0.222286 -0.964488 0.142662
vn -0.125849 -0.931810 0.340429
vn -0.056837 -0.996230 -0.065546
vn -0.064068 -0.997732 0.020638
vn 0.104519 -0.955062 -0.277367
vn -0.007885 -0.963806 -0.266487
vn 0.251051 -0.839387 -0.482081
vn 0.040526 -0.859594 -0.509368
vn 0.373363 -0.649284 -0.662594
vn 0.081428 -0.699614 -0.709866
vn 0.460703 -0.390708 -0.796932
vn 0.114642 -0.484661 -0.867157
vn 0.500602 -0.082711 -0.861717
vn 0.137616 -0.209469 -0.968083
vn 0.484791 0.239690 -0.841146
vn 0.143927 0.121854 -0.982057
vn 0.416166 0.535545 -0.734845
vn 0.124399 0.470745 -0.873455
vn 0.308845 0.771843 -0.555763
vn 0.074541 0.761241 -0.644170
vn 0.179023 0.927733 -0.327510
vn 0.003204 0.936696 -0.350128
vn -0.238674 0.962026 0.132443
vn -0.085694 0.990760 -0.105123
vn -0.470237 0.813561 -0.342045
vn -0.606611 0.792366 -0.064655
vn -0.384048 0.850365 0.359703
vn -0.695444 0.686319 0.212895
vn -0.512525 0.652056 0.558696
vn -0.727723 0.505850 0.463180
vn -0.609405 0.368765 0.701882
vn -0.699929 0.268945 0.661640
vn -0.654063 0.024283 0.756051
vn -0.614444 -0.000833 0.788960
vn -0.631370 -0.325657 0.703790
vn -0.479393 -0.276778 0.832812
vn -0.547780 -0.619759 0.561992
vn -0.307943 -0.531707 0.788960
vn -0.425865 -0.826913 0.367224
vn -0.117051 -0.740629 0.661640
vn -0.286413 -0.946279 0.150082
vn 0.074217 -0.883151 0.463180
vn -0.141117 -0.987313 -0.072801
vn 0.246647 -0.945431 0.212896
vn 0.004840 -0.955897 -0.293663
vn 0.382906 -0.921522 -0.064659
vn 0.147611 -0.849935 -0.505788
vn 0.469447 -0.814017 -0.342047
vn 0.279135 -0.661809 -0.695768
vn 0.498037 -0.633811 -0.591813
vn 0.382251 -0.389593 -0.837915
vn 0.466542 -0.398859 -0.789462
vn 0.432655 -0.056156 -0.899809
vn 0.378837 -0.132117 -0.915984
vn 0.414467 0.285807 -0.864020
vn 0.243970 0.140856 -0.959499
vn 0.334109 0.581925 -0.741441
vn 0.075002 0.394141 -0.915984
vn 0.211948 0.802106 -0.558304
vn -0.112151 0.603468 -0.789461
vn 0.067492 0.938022 -0.339940
vn -0.299877 0.748218 -0.591815
vn -0.257499 0.951900 0.166071
vn -0.123489 0.986438 -0.108126
vn 0.093967 0.994929 0.035876
vn -0.071032 0.966482 0.246711
vn -0.384726 0.825044 0.413871
vn -0.261403 0.857325 0.443466
vn -0.493773 0.611291 0.618475
vn -0.467428 0.641806 0.607944
vn -0.567884 0.322681 0.757222
vn -0.649393 0.310099 0.694354
vn -0.590325 -0.010202 0.807101
vn -0.747592 -0.079093 0.659432
vn -0.555374 -0.340243 0.758811
vn -0.742985 -0.420792 0.520488
vn -0.472632 -0.621870 0.624417
vn -0.670987 -0.660827 0.336280
vn -0.360447 -0.827487 0.430515
vn -0.570805 -0.807706 0.147621
vn -0.236799 -0.949677 0.205038
vn -0.461876 -0.886348 -0.032510
vn -0.114526 -0.992941 -0.030847
vn -0.349381 -0.914323 -0.204811
vn -0.001283 -0.964697 -0.263360
vn -0.231813 -0.898040 -0.373881
vn 0.098439 -0.870144 -0.482866
vn -0.104846 -0.832887 -0.543422
vn 0.181064 -0.710803 -0.679687
vn 0.036001 -0.702209 -0.711060
vn 0.242027 -0.486071 -0.839737
vn 0.189485 -0.478468 -0.857417
vn 0.274475 -0.198737 -0.940833
vn 0.334872 -0.143812 -0.931224
vn 0.269425 0.133781 -0.953684
vn 0.424437 0.254631 -0.868917
vn 0.219841 0.468049 -0.855921
vn 0.423890 0.602294 -0.676431
vn 0.128412 0.744297 -0.655387
vn 0.350161 0.831588 -0.431101
vn 0.008800 0.920115 -0.391550
vn 0.234999 0.953430 -0.189071
vn -0.643863 0.752410 -0.138995
vn -0.563999 0.695339 -0.445432
vn -0.560081 0.733848 -0.384416
vn -0.564945 0.825008 -0.014108
vn -0.660395 0.722991 0.202884
vn -0.506430 0.786109 0.354345
vn -0.605933 0.597702 0.524974
vn -0.404880 0.643964 0.649140
vn -0.496281 0.395099 0.773047
vn -0.281769 0.445268 0.849908
vn -0.355989 0.147734 0.922738
vn -0.150643 0.221892 0.963364
vn -0.204167 -0.118202 0.971774
vn -0.017949 -0.010554 0.999783
vn -0.052551 -0.384550 0.921607
vn 0.112939 -0.244822 0.962968
vn 0.089164 -0.631512 0.770222
vn 0.237265 -0.473987 0.847963
vn 0.207828 -0.828404 0.520149
vn 0.344258 -0.683388 0.643791
vn 0.287806 -0.937175 0.197154
vn 0.412544 -0.843279 0.344511
vn 0.321592 -0.935931 -0.143568
vn 0.413061 -0.910328 -0.026135
vn 0.313306 -0.837366 -0.447948
vn 0.335837 -0.855934 -0.393179
vn 0.267958 -0.672246 -0.690133
vn 0.211129 -0.705671 -0.676352
vn 0.190779 -0.468288 -0.862734
vn 0.075690 -0.512289 -0.855471
vn 0.088368 -0.245818 -0.965279
vn -0.053768 -0.307942 -0.949885
vn -0.032893 -0.019268 -0.999273
vn -0.174916 -0.101138 -0.979375
vn -0.167063 0.200175 -0.965412
vn -0.289908 0.110379 -0.950668
vn -0.307443 0.401646 -0.862647
vn -0.399260 0.329432 -0.855609
vn -0.444609 0.572119 -0.689204
vn -0.496064 0.548460 -0.673136
vn -0.326026 0.908326 -0.262013
vn -0.472220 0.881436 0.008905
vn -0.582083 0.765558 0.274044
vn -0.645167 0.570570 0.508142
vn -0.654736 0.313720 0.687678
vn -0.608721 0.019428 0.793147
vn -0.510833 -0.282083 0.812083
vn -0.371073 -0.558312 0.742019
vn -0.204582 -0.779856 0.591584
vn -0.029014 -0.925110 0.378590
vn 0.138274 -0.982338 0.126065
vn 0.281968 -0.948945 -0.141411
vn 0.389483 -0.829717 -0.399841
vn 0.451140 -0.635586 -0.626501
vn 0.460602 -0.383504 -0.800481
vn 0.415901 -0.096283 -0.904299
vn 0.320412 0.198416 -0.926265
vn 0.183278 0.470860 -0.862960
vn 0.018484 0.693305 -0.720407
vn -0.157088 0.843782 -0.513181
s 1
g TrunkCut_geo_2 Small_Branch2_geo1
f 323/363/323 324/364/324 504/365/325 485/366/326
f 324/364/324 325/367/327 503/368/328 504/365/325
f 325/367/327 326/369/329 502/370/330 503/368/328
f 326/369/329 327/371/331 501/372/332 502/370/330
f 327/371/331 328/373/333 500/374/334 501/372/332
f 328/373/333 329/375/335 499/376/336 500/374/334
f 329/375/335 330/377/337 498/378/338 499/376/336
f 330/719/337 331/724/339 497/380/340 498/711/338
f 331/724/339 332/723/341 496/382/342 497/380/340
f 332/723/341 333/722/343 495/384/344 496/382/342
f 333/722/343 334/721/345 494/386/346 495/384/344
f 334/721/345 335/717/347 493/388/348 494/386/346
f 335/718/347 336/389/349 492/390/350 493/713/348
f 336/389/349 337/391/351 491/392/352 492/390/350
f 337/391/351 338/393/353 490/394/354 491/392/352
f 338/393/353 339/395/355 489/396/356 490/394/354
f 339/395/355 340/397/357 488/398/358 489/396/356
f 340/397/357 341/399/359 487/400/360 488/398/358
f 341/399/359 342/401/361 486/402/362 487/400/360
f 342/401/361 323/363/323 485/366/326 486/402/362
f 324/364/324 323/363/323 344/403/363
f 325/367/327 324/364/324 344/403/363
f 326/369/329 325/367/327 344/403/363
f 327/371/331 326/369/329 344/403/363
f 328/373/333 327/371/331 344/403/363
f 329/375/335 328/373/333 344/403/363
f 330/377/337 329/375/335 344/403/363
f 331/379/339 330/720/337 344/716/363
f 332/381/341 331/379/339 344/716/363
f 333/383/343 332/381/341 344/716/363
f 334/385/345 333/383/343 344/716/363
f 335/387/347 334/385/345 344/716/363
f 336/389/349 335/718/347 344/403/363
f 337/391/351 336/389/349 344/403/363
f 338/393/353 337/391/351 344/403/363
f 339/395/355 338/393/353 344/403/363
f 340/397/357 339/395/355 344/403/363
f 341/399/359 340/397/357 344/403/363
f 342/401/361 341/399/359 344/403/363
f 323/363/323 342/401/361 344/403/363
f 346/404/364 345/405/365 565/406/366 566/407/367
f 347/408/368 346/404/364 566/407/367 567/409/369
f 348/410/370 347/408/368 567/409/369 568/411/371
f 349/412/372 348/410/370 568/411/371 569/413/373
f 350/414/374 349/412/372 569/413/373 570/415/375
f 351/416/376 350/414/374 570/415/375 571/417/377
f 352/418/378 351/416/376 571/417/377 572/419/379
f 353/702/380 352/418/378 572/419/379 573/697/381
f 354/422/382 353/420/380 573/421/381 574/423/383
f 355/424/384 354/422/382 574/423/383 575/425/385
f 356/426/386 355/424/384 575/425/385 576/427/387
f 357/428/388 356/426/386 576/427/387 577/429/389
f 358/700/390 357/428/388 577/429/389 578/695/391
f 359/432/392 358/430/390 578/431/391 579/433/393
f 360/434/394 359/432/392 579/433/393 580/435/395
f 361/436/396 360/434/394 580/435/395 581/437/397
f 362/438/398 361/436/396 581/437/397 582/439/399
f 363/440/400 362/438/398 582/439/399 583/441/401
f 364/442/402 363/440/400 583/441/401 584/443/403
f 345/405/365 364/442/402 584/443/403 565/406/366
f 366/444/404 365/445/405 605/446/406 606/447/407
f 367/448/408 366/444/404 606/447/407 607/449/409
f 368/450/410 367/448/408 607/449/409 608/451/411
f 369/452/412 368/450/410 608/451/411 609/453/413
f 370/454/414 369/452/412 609/453/413 610/455/415
f 371/456/416 370/454/414 610/455/415 611/457/417
f 372/458/418 371/456/416 611/457/417 612/459/419
f 373/694/420 372/458/418 612/459/419 613/690/421
f 374/462/422 373/460/420 613/461/421 614/463/423
f 375/464/424 374/462/422 614/463/423 615/465/425
f 376/466/426 375/464/424 615/465/425 616/467/427
f 377/468/428 376/466/426 616/467/427 617/469/429
f 378/692/430 377/468/428 617/469/429 618/689/431
f 379/472/432 378/470/430 618/471/431 619/473/433
f 380/474/434 379/472/432 619/473/433 620/475/435
f 381/476/436 380/474/434 620/475/435 621/477/437
f 382/478/438 381/476/436 621/477/437 622/479/439
f 383/480/440 382/478/438 622/479/439 623/481/441
f 384/482/442 383/480/440 623/481/441 624/483/443
f 365/445/405 384/482/442 624/483/443 605/446/406
f 386/484/444 385/485/445 343/486/446
f 387/487/447 386/484/444 343/486/446
f 388/488/448 387/487/447 343/486/446
f 389/489/449 388/488/448 343/486/446
f 390/490/450 389/489/449 343/486/446
f 391/491/451 390/490/450 343/486/446
f 392/492/452 391/491/451 343/486/446
f 393/688/453 392/492/452 343/486/446
f 394/494/454 393/493/453 343/715/446
f 395/495/455 394/494/454 343/715/446
f 396/496/456 395/495/455 343/715/446
f 397/497/457 396/496/456 343/715/446
f 398/686/458 397/497/457 343/715/446
f 399/499/459 398/498/458 343/486/446
f 400/500/460 399/499/459 343/486/446
f 401/501/461 400/500/460 343/486/446
f 402/502/462 401/501/461 343/486/446
f 403/503/463 402/502/462 343/486/446
f 404/504/464 403/503/463 343/486/446
f 385/485/445 404/504/464 343/486/446
f 406/505/465 405/506/466 585/507/467 586/508/468
f 407/509/469 406/505/465 586/508/468 587/510/470
f 408/511/471 407/509/469 587/510/470 588/512/472
f 409/513/473 408/511/471 588/512/472 589/514/474
f 410/515/475 409/513/473 589/514/474 590/516/476
f 411/517/477 410/515/475 590/516/476 591/518/478
f 412/519/479 411/517/477 591/518/478 592/520/480
f 413/698/481 412/519/479 592/520/480 593/693/482
f 414/523/483 413/521/481 593/522/482 594/524/484
f 415/525/485 414/523/483 594/524/484 595/526/486
f 416/527/487 415/525/485 595/526/486 596/528/488
f 417/529/489 416/527/487 596/528/488 597/530/490
f 418/696/491 417/529/489 597/530/490 598/691/492
f 419/533/493 418/531/491 598/532/492 599/534/494
f 420/535/495 419/533/493 599/534/494 600/536/496
f 421/537/497 420/535/495 600/536/496 601/538/498
f 422/539/499 421/537/497 601/538/498 602/540/500
f 423/541/501 422/539/499 602/540/500 603/542/502
f 424/543/503 423/541/501 603/542/502 604/544/504
f 405/506/466 424/543/503 604/544/504 585/507/467
f 426/545/505 425/546/506 525/547/507 526/548/508
f 427/549/509 426/545/505 526/548/508 527/550/510
f 428/551/511 427/549/509 527/550/510 528/552/512
f 429/553/513 428/551/511 528/552/512 529/554/514
f 430/555/515 429/553/513 529/554/514 530/556/516
f 431/557/517 430/555/515 530/556/516 531/558/518
f 432/559/519 431/557/517 531/558/518 532/560/520
f 433/710/521 432/559/519 532/560/520 533/705/522
f 434/563/523 433/561/521 533/562/522 534/564/524
f 435/565/525 434/563/523 534/564/524 535/566/526
f 436/567/527 435/565/525 535/566/526 536/568/528
f 437/569/529 436/567/527 536/568/528 537/570/530
f 438/708/531 437/569/529 537/570/530 538/703/532
f 439/573/533 438/571/531 538/572/532 539/574/534
f 440/575/535 439/573/533 539/574/534 540/576/536
f 441/577/537 440/575/535 540/576/536 541/578/538
f 442/579/539 441/577/537 541/578/538 542/580/540
f 443/581/541 442/579/539 542/580/540 543/582/542
f 444/583/543 443/581/541 543/582/542 544/584/544
f 425/546/506 444/583/543 544/584/544 525/547/507
f 446/585/545 445/586/546 505/587/547 506/588/548
f 447/589/549 446/585/545 506/588/548 507/590/550
f 448/591/551 447/589/549 507/590/550 508/592/552
f 449/593/553 448/591/551 508/592/552 509/594/554
f 450/595/555 449/593/553 509/594/554 510/596/556
f 451/597/557 450/595/555 510/596/556 511/598/558
f 452/599/559 451/597/557 511/598/558 512/600/560
f 453/714/561 452/599/559 512/600/560 513/709/562
f 454/603/563 453/601/561 513/602/562 514/604/564
f 455/605/565 454/603/563 514/604/564 515/606/566
f 456/607/567 455/605/565 515/606/566 516/608/568
f 457/609/569 456/607/567 516/608/568 517/610/570
f 458/712/571 457/609/569 517/610/570 518/707/572
f 459/613/573 458/611/571 518/612/572 519/614/574
f 460/615/575 459/613/573 519/614/574 520/616/576
f 461/617/577 460/615/575 520/616/576 521/618/578
f 462/619/579 461/617/577 521/618/578 522/620/580
f 463/621/581 462/619/579 522/620/580 523/622/582
f 464/623/583 463/621/581 523/622/582 524/624/584
f 445/586/546 464/623/583 524/624/584 505/587/547
f 466/625/585 465/626/586 545/627/587 546/628/588
f 467/629/589 466/625/585 546/628/588 547/630/590
f 468/631/591 467/629/589 547/630/590 548/632/592
f 469/633/593 468/631/591 548/632/592 549/634/594
f 470/635/595 469/633/593 549/634/594 550/636/596
f 471/637/597 470/635/595 550/636/596 551/638/598
f 472/639/599 471/637/597 551/638/598 552/640/600
f 473/706/601 472/639/599 552/640/600 553/701/602
f 474/643/603 473/641/601 553/642/602 554/644/604
f 475/645/605 474/643/603 554/644/604 555/646/606
f 476/647/607 475/645/605 555/646/606 556/648/608
f 477/649/609 476/647/607 556/648/608 557/650/610
f 478/704/611 477/649/609 557/650/610 558/699/612
f 479/653/613 478/651/611 558/652/612 559/654/614
f 480/655/615 479/653/613 559/654/614 560/656/616
f 481/657/617 480/655/615 560/656/616 561/658/618
f 482/659/619 481/657/617 561/658/618 562/660/620
f 483/661/621 482/659/619 562/660/620 563/662/622
f 484/663/623 483/661/621 563/662/622 564/664/624
f 465/626/586 484/663/623 564/664/624 545/627/587
f 486/402/362 485/366/326 445/586/546 446/585/545
f 487/400/360 486/402/362 446/585/545 447/589/549
f 488/398/358 487/400/360 447/589/549 448/591/551
f 489/396/356 488/398/358 448/591/551 449/593/553
f 490/394/354 489/396/356 449/593/553 450/595/555
f 491/392/352 490/394/354 450/595/555 451/597/557
f 492/390/350 491/392/352 451/597/557 452/599/559
f 493/713/348 492/390/350 452/599/559 453/714/561
f 494/386/346 493/388/348 453/601/561 454/603/563
f 495/384/344 494/386/346 454/603/563 455/605/565
f 496/382/342 495/384/344 455/605/565 456/607/567
f 497/380/340 496/382/342 456/607/567 457/609/569
f 498/711/338 497/380/340 457/609/569 458/712/571
f 499/376/336 498/378/338 458/611/571 459/613/573
f 500/374/334 499/376/336 459/613/573 460/615/575
f 501/372/332 500/374/334 460/615/575 461/617/577
f 502/370/330 501/372/332 461/617/577 462/619/579
f 503/368/328 502/370/330 462/619/579 463/621/581
f 504/365/325 503/368/328 463/621/581 464/623/583
f 485/366/326 504/365/325 464/623/583 445/586/546
f 506/588/548 505/587/547 425/546/506 426/545/505
f 507/590/550 506/588/548 426/545/505 427/549/509
f 508/592/552 507/590/550 427/549/509 428/551/511
f 509/594/554 508/592/552 428/551/511 429/553/513
f 510/596/556 509/594/554 429/553/513 430/555/515
f 511/598/558 510/596/556 430/555/515 431/557/517
f 512/600/560 511/598/558 431/557/517 432/559/519
f 513/709/562 512/600/560 432/559/519 433/710/521
f 514/604/564 513/602/562 433/561/521 434/563/523
f 515/606/566 514/604/564 434/563/523 435/565/525
f 516/608/568 515/606/566 435/565/525 436/567/527
f 517/610/570 516/608/568 436/567/527 437/569/529
f 518/707/572 517/610/570 437/569/529 438/708/531
f 519/614/574 518/612/572 438/571/531 439/573/533
f 520/616/576 519/614/574 439/573/533 440/575/535
f 521/618/578 520/616/576 440/575/535 441/577/537
f 522/620/580 521/618/578 441/577/537 442/579/539
f 523/622/582 522/620/580 442/579/539 443/581/541
f 524/624/584 523/622/582 443/581/541 444/583/543
f 505/587/547 524/624/584 444/583/543 425/546/506
f 526/548/508 525/547/507 465/626/586 466/625/585
f 527/550/510 526/548/508 466/625/585 467/629/589
f 528/552/512 527/550/510 467/629/589 468/631/591
f 529/554/514 528/552/512 468/631/591 469/633/593
f 530/556/516 529/554/514 469/633/593 470/635/595
f 531/558/518 530/556/516 470/635/595 471/637/597
f 532/560/520 531/558/518 471/637/597 472/639/599
f 533/705/522 532/560/520 472/639/599 473/706/601
f 534/564/524 533/562/522 473/641/601 474/643/603
f 535/566/526 534/564/524 474/643/603 475/645/605
f 536/568/528 535/566/526 475/645/605 476/647/607
f 537/570/530 536/568/528 476/647/607 477/649/609
f 538/703/532 537/570/530 477/649/609 478/704/611
f 539/574/534 538/572/532 478/651/611 479/653/613
f 540/576/536 539/574/534 479/653/613 480/655/615
f 541/578/538 540/576/536 480/655/615 481/657/617
f 542/580/540 541/578/538 481/657/617 482/659/619
f 543/582/542 542/580/540 482/659/619 483/661/621
f 544/584/544 543/582/542 483/661/621 484/663/623
f 525/547/507 544/584/544 484/663/623 465/626/586
f 546/628/588 545/627/587 345/405/365 346/404/364
f 547/630/590 546/628/588 346/404/364 347/408/368
f 548/632/592 547/630/590 347/408/368 348/410/370
f 549/634/594 548/632/592 348/410/370 349/412/372
f 550/636/596 549/634/594 349/412/372 350/414/374
f 551/638/598 550/636/596 350/414/374 351/416/376
f 552/640/600 551/638/598 351/416/376 352/418/378
f 553/701/602 552/640/600 352/418/378 353/702/380
f 554/644/604 553/642/602 353/420/380 354/422/382
f 555/646/606 554/644/604 354/422/382 355/424/384
f 556/648/608 555/646/606 355/424/384 356/426/386
f 557/650/610 556/648/608 356/426/386 357/428/388
f 558/699/612 557/650/610 357/428/388 358/700/390
f 559/654/614 558/652/612 358/430/390 359/432/392
f 560/656/616 559/654/614 359/432/392 360/434/394
f 561/658/618 560/656/616 360/434/394 361/436/396
f 562/660/620 561/658/618 361/436/396 362/438/398
f 563/662/622 562/660/620 362/438/398 363/440/400
f 564/664/624 563/662/622 363/440/400 364/442/402
f 545/627/587 564/664/624 364/442/402 345/405/365
f 566/407/367 565/406/366 405/506/466 406/505/465
f 567/409/369 566/407/367 406/505/465 407/509/469
f 568/411/371 567/409/369 407/509/469 408/511/471
f 569/413/373 568/411/371 408/511/471 409/513/473
f 570/415/375 569/413/373 409/513/473 410/515/475
f 571/417/377 570/415/375 410/515/475 411/517/477
f 572/419/379 571/417/377 411/517/477 412/519/479
f 573/697/381 572/419/379 412/519/479 413/698/481
f 574/423/383 573/421/381 413/521/481 414/523/483
f 575/425/385 574/423/383 414/523/483 415/525/485
f 576/427/387 575/425/385 415/525/485 416/527/487
f 577/429/389 576/427/387 416/527/487 417/529/489
f 578/695/391 577/429/389 417/529/489 418/696/491
f 579/433/393 578/431/391 418/531/491 419/533/493
f 580/435/395 579/433/393 419/533/493 420/535/495
f 581/437/397 580/435/395 420/535/495 421/537/497
f 582/439/399 581/437/397 421/537/497 422/539/499
f 583/441/401 582/439/399 422/539/499 423/541/501
f 584/443/403 583/441/401 423/541/501 424/543/503
f 565/406/366 584/443/403 424/543/503 405/506/466
f 586/508/468 585/507/467 365/445/405 366/444/404
f 587/510/470 586/508/468 366/444/404 367/448/408
f 588/512/472 587/510/470 367/448/408 368/450/410
f 589/514/474 588/512/472 368/450/410 369/452/412
f 590/516/476 589/514/474 369/452/412 370/454/414
f 591/518/478 590/516/476 370/454/414 371/456/416
f 592/520/480 591/518/478 371/456/416 372/458/418
f 593/693/482 592/520/480 372/458/418 373/694/420
f 594/524/484 593/522/482 373/460/420 374/462/422
f 595/526/486 594/524/484 374/462/422 375/464/424
f 596/528/488 595/526/486 375/464/424 376/466/426
f 597/530/490 596/528/488 376/466/426 377/468/428
f 598/691/492 597/530/490 377/468/428 378/692/430
f 599/534/494 598/532/492 378/470/430 379/472/432
f 600/536/496 599/534/494 379/472/432 380/474/434
f 601/538/498 600/536/496 380/474/434 381/476/436
f 602/540/500 601/538/498 381/476/436 382/478/438
f 603/542/502 602/540/500 382/478/438 383/480/440
f 604/544/504 603/542/502 383/480/440 384/482/442
f 585/507/467 604/544/504 384/482/442 365/445/405
f 606/447/407 605/446/406 625/665/625 626/666/626
f 607/449/409 606/447/407 626/666/626 627/667/627
f 608/451/411 607/449/409 627/667/627 628/668/628
f 609/453/413 608/451/411 628/668/628 629/669/629
f 610/455/415 609/453/413 629/669/629 630/670/630
f 611/457/417 610/455/415 630/670/630 631/671/631
f 612/459/419 611/457/417 631/671/631 632/672/632
f 613/690/421 612/459/419 632/672/632 633/687/633
f 614/463/423 613/461/421 633/673/633 634/674/634
f 615/465/425 614/463/423 634/674/634 635/675/635
f 616/467/427 615/465/425 635/675/635 636/676/636
f 617/469/429 616/467/427 636/676/636 637/677/637
f 618/689/431 617/469/429 637/677/637 638/685/638
f 619/473/433 618/471/431 638/678/638 639/679/639
f 620/475/435 619/473/433 639/679/639 640/680/640
f 621/477/437 620/475/435 640/680/640 641/681/641
f 622/479/439 621/477/437 641/681/641 642/682/642
f 623/481/441 622/479/439 642/682/642 643/683/643
f 624/483/443 623/481/441 643/683/643 644/684/644
f 605/446/406 624/483/443 644/684/644 625/665/625
f 626/666/626 625/665/625 385/485/445 386/484/444
f 627/667/627 626/666/626 386/484/444 387/487/447
f 628/668/628 627/667/627 387/487/447 388/488/448
f 629/669/629 628/668/628 388/488/448 389/489/449
f 630/670/630 629/669/629 389/489/449 390/490/450
f 631/671/631 630/670/630 390/490/450 391/491/451
f 632/672/632 631/671/631 391/491/451 392/492/452
f 633/687/633 632/672/632 392/492/452 393/688/453
f 634/674/634 633/673/633 393/493/453 394/494/454
f 635/675/635 634/674/634 394/494/454 395/495/455
f 636/676/636 635/675/635 395/495/455 396/496/456
f 637/677/637 636/676/636 396/496/456 397/497/457
f 638/685/638 637/677/637 397/497/457 398/686/458
f 639/679/639 638/678/638 398/498/458 399/499/459
f 640/680/640 639/679/639 399/499/459 400/500/460
f 641/681/641 640/680/640 400/500/460 401/501/461
f 642/682/642 641/681/641 401/501/461 402/502/462
f 643/683/643 642/682/642 402/502/462 403/503/463
f 644/684/644 643/683/643 403/503/463 404/504/464
f 625/665/625 644/684/644 404/504/464 385/485/445
g default
v 111.653607 16.431313 -16.120302
v 103.593610 18.762820 -30.074360
v 96.831731 12.450749 -33.722069
v 89.347913 13.153516 -40.231262
v 69.184407 16.431313 -51.490555
v 54.032491 16.431313 -44.756874
v 32.670720 16.431313 -43.023617
v 30.380673 16.431313 -28.861855
v 23.686364 16.431313 -16.120296
v 15.534421 16.431313 -0.302243
v 21.500497 18.523465 20.101501
v 28.665635 18.523465 34.371174
v 40.820867 16.550721 41.371681
v 54.404115 16.431313 63.091885
v 69.184407 16.431313 53.806580
v 83.964688 16.431313 52.789871
v 106.590192 16.431313 48.343925
v 111.691052 16.431313 29.835499
v 118.417600 16.431313 15.515808
v 120.473065 16.431313 -0.302243
v 104.984281 76.861794 -12.360687
v 101.828206 76.861794 -23.511425
v 92.978925 77.791276 -32.360699
v 81.828191 76.414780 -37.404144
v 69.467503 77.519074 -40.000019
v 57.106816 77.695809 -37.467369
v 45.956082 77.092240 -33.293186
v 35.398007 76.618775 -23.786354
v 31.425233 76.861794 -12.360682
v 29.467496 76.861794 0.000000
v 31.425233 76.861794 12.360682
v 37.106816 76.861794 23.511414
v 45.956090 76.861794 32.360683
v 57.106820 76.861794 40.793049
v 69.467503 76.861794 42.161160
v 81.828183 78.154610 41.487705
v 95.360616 78.154610 33.776115
v 104.992787 78.154610 23.511412
v 110.640973 78.154610 12.360680
v 112.359952 78.548905 0.000000
v 77.956014 16.431313 14.684871
v 76.803151 76.861794 11.711366
v 104.984281 71.549874 -12.360687
v 112.359952 71.549874 0.000000
v 110.640973 71.549874 12.360680
v 104.992787 71.549874 23.511410
v 95.360616 71.549874 33.776115
v 81.828183 71.549874 41.487705
v 69.467503 71.549874 42.161160
v 57.106820 71.549874 40.793049
v 45.956090 71.549874 32.360683
v 37.106816 71.549874 23.511414
v 31.425233 71.549874 12.360682
v 29.467496 71.549874 0.000000
v 31.425233 71.549874 -12.360682
v 35.398007 71.549874 -23.893389
v 45.956082 71.549874 -35.056271
v 57.106816 71.549874 -39.644306
v 69.467503 71.549874 -40.265984
v 81.828191 71.549874 -37.404144
v 92.978925 71.549874 -32.360699
v 101.828206 71.549874 -23.511425
v 104.984281 67.267304 -12.360687
v 112.359952 67.267304 0.000000
v 110.640973 67.267304 12.360680
v 104.992787 67.267304 23.511412
v 95.360616 67.267304 33.776115
v 81.828183 67.267304 41.487709
v 69.467503 67.267304 42.161160
v 57.106820 67.267304 40.793049
v 45.956090 67.267304 32.360683
v 37.106816 67.267304 23.511414
v 26.412454 65.689523 9.183087
v 26.174096 70.929726 3.445591
v 25.918771 70.574899 -4.316133
v 35.398007 67.267304 -23.967501
v 45.956082 67.267304 -35.682945
v 57.106816 67.267304 -40.316509
v 69.467503 67.267304 -40.400936
v 81.828191 67.267304 -37.404144
v 92.978925 67.267304 -32.360699
v 101.828206 67.267304 -23.511425
v 105.240537 61.571977 -12.417735
v 112.647511 61.571977 -0.004586
v 112.465512 61.571977 12.408555
v 105.249082 61.571977 23.606613
v 95.576024 61.571977 33.914883
v 82.907910 61.571977 43.060383
v 69.573018 61.571977 42.335514
v 57.159871 61.571977 40.961597
v 45.961816 61.571977 32.493443
v 37.074983 61.571977 23.606615
v 26.494218 57.923920 9.535409
v 25.796040 64.832879 -9.555368
v 35.358922 61.571977 -23.958784
v 45.961812 61.571977 -34.791340
v 57.159871 61.571977 -40.235844
v 69.573018 61.571977 -40.338478
v 81.986165 61.571977 -37.567482
v 93.184232 61.571977 -32.502632
v 102.071065 61.571977 -23.615799
v 106.219197 55.463342 -12.862288
v 114.285077 55.463342 -0.040325
v 117.249600 55.463342 12.781631
v 106.654706 55.463342 24.348484
v 96.236394 55.463342 34.996246
v 85.274732 55.463342 47.671162
v 69.654561 55.463342 44.116123
v 56.555047 55.463342 42.275040
v 44.988194 55.463342 33.527992
v 35.808682 55.463342 24.348486
v 26.371488 52.181901 4.296171
v 26.116162 51.827065 -3.465552
v 25.877805 57.067277 -9.203048
v 34.036103 55.463342 -24.714336
v 44.988187 55.463342 -34.390186
v 56.555043 55.463342 -41.407471
v 69.377004 55.463342 -41.707352
v 82.198964 55.463342 -38.840317
v 93.765828 55.463342 -33.608658
v 102.945340 55.463342 -24.429148
v 106.047559 44.880257 -12.780160
v 114.037312 44.880257 -0.033722
v 116.852445 44.880257 12.712708
v 106.453717 44.880257 24.211432
v 96.123547 44.880257 34.796474
v 85.133710 44.880257 47.255749
v 69.684674 44.880257 43.841938
v 56.675939 44.880257 42.032394
v 45.177213 44.880257 33.336868
v 36.051774 44.880257 24.211433
v 30.192880 44.880257 12.712710
v 27.321256 44.880257 -0.033722
v 30.192880 44.880257 -12.780154
v 34.289639 44.880257 -24.562399
v 44.374844 44.880257 -34.034462
v 56.675931 44.880257 -39.357742
v 69.422368 44.880257 -41.440369
v 82.168805 44.880257 -38.605171
v 93.667539 44.880257 -33.404331
v 102.792981 44.880257 -24.278889
v 104.984281 50.376439 -12.360687
v 113.269833 50.376439 0.000000
v 117.404584 50.376439 12.360680
v 105.893842 50.376439 23.511412
v 95.385770 50.376439 33.814354
v 85.863599 50.376439 47.622017
v 70.037183 50.376439 43.027138
v 57.106824 50.376439 40.793053
v 45.956090 50.376439 32.360683
v 37.106816 50.376439 23.511414
v 31.425233 50.376439 12.360682
v 29.467496 50.376439 0.000000
v 31.425233 50.376439 -12.360682
v 35.398007 50.376439 -23.786354
v 45.956082 50.376439 -33.071110
v 57.106816 50.376439 -40.507103
v 69.467503 50.376439 -40.448132
v 81.828191 50.376439 -37.404144
v 92.978925 50.376439 -32.360699
v 101.828206 50.376439 -23.511425
v 109.708089 39.361562 -15.298882
v 118.106381 39.361562 -0.236208
v 117.023831 39.361562 14.826458
v 109.717771 39.361562 28.414686
v 98.758702 39.361562 40.923206
v 83.518102 39.361562 50.589054
v 69.266988 39.361562 51.141186
v 55.192525 39.361562 49.482697
v 42.495770 39.361562 39.198364
v 32.426015 39.361562 28.414688
v 25.955678 39.361562 14.826460
v 19.592374 39.361562 -0.236208
v 25.950246 39.361562 -15.298875
v 30.478478 39.361562 -29.217634
v 35.694066 39.361562 -43.395279
v 54.992059 39.361562 -38.434090
v 69.266988 39.361562 -48.980042
v 83.341458 39.361562 -45.816719
v 96.038220 39.098218 -37.292980
v 103.680341 39.361562 -28.887119
v 109.708089 33.417168 -15.298882
v 118.106381 33.417168 -0.236208
v 116.149075 33.417168 14.826458
v 109.717771 33.417168 28.414686
v 100.603406 33.417168 40.923206
v 83.341443 33.417168 50.320518
v 69.266988 33.417168 51.141186
v 55.192525 33.417168 51.404694
v 42.495770 33.417168 39.198364
v 33.779420 33.417168 28.414688
v 27.043881 33.417168 14.826460
v 17.901112 33.417168 -0.236208
v 25.876981 33.417168 -15.298875
v 31.482160 33.417168 -28.234114
v 32.907853 33.417168 -44.920959
v 54.541032 33.417168 -39.277271
v 69.266988 33.417168 -48.867092
v 110.852109 23.429009 -15.781899
v 119.498059 23.429009 -0.275038
v 117.483029 23.429009 15.231815
v 110.862073 23.429009 29.220751
v 107.058919 23.429009 45.303894
v 83.707929 23.429009 51.772568
v 69.218427 23.429009 52.795788
v 54.728917 23.429009 61.437855
v 41.670049 23.450642 40.369850
v 33.007531 24.626420 31.845304
v 25.851346 24.628692 17.861345
v 16.509431 23.429009 -0.275038
v 24.647019 23.429009 -15.732606
v 32.469247 23.429009 -27.018280
v 32.791158 23.429009 -43.729809
v 54.250943 23.429009 -38.609406
v 69.218427 23.429009 -50.456295
v 85.526074 20.459456 -45.788944
v 105.672528 28.392211 -31.424917
v 102.877881 36.758775 -36.310291
v 88.632176 31.149472 -46.467194
v 26.174100 70.929726 3.445591
v 26.494222 57.923920 9.535409
v 26.412457 65.689523 9.183087
v 25.918775 70.574899 -4.316133
v 25.796044 64.832879 -9.555368
v 25.877809 57.067277 -9.203048
v 26.116166 51.827065 -3.465552
v 26.371491 52.181901 4.296171
v 20.032346 69.562890 3.175540
v 13.223542 68.153825 2.854795
v 8.419385 73.265054 -0.046860
v 1.340672 75.315827 -2.292214
v -5.372722 72.746095 4.674926
v -11.264003 74.899323 6.029169
v -17.921779 75.088654 2.485543
v -24.679645 74.577439 4.635555
v -29.089183 74.174973 7.450142
v -37.439036 72.262437 1.921149
v 20.308499 58.342904 8.429170
v 13.454514 58.770196 7.248561
v 8.645719 64.069718 4.258753
v 1.512944 68.316727 0.985025
v -5.212764 66.247613 7.717762
v -11.110271 68.653565 8.953674
v -17.815364 70.765099 4.509999
v -24.603587 71.487344 6.082454
v -29.025775 71.598893 8.656366
v 20.237966 65.042222 8.125223
v 13.395516 64.373032 6.994365
v 8.587907 69.560136 4.009652
v 1.468938 72.495805 0.795422
v -5.253627 70.127778 7.541720
v -11.149531 72.382829 8.784478
v -17.842547 73.346635 4.392876
v -24.623012 73.332398 5.998743
v -29.041972 73.137040 8.586579
v 19.812074 69.256783 -3.520418
v 13.039327 67.897813 -2.745249
v 8.238866 73.014184 -5.534533
v 1.203252 75.124879 -6.469199
v -5.500300 72.568803 0.796700
v -11.386600 74.728928 2.301769
v -18.006663 74.970704 -0.094708
v -24.740306 74.493134 2.791423
v -29.139758 74.104691 5.912763
v 19.706197 64.303201 -8.040255
v 12.950780 63.754975 -6.525334
v 8.152097 68.954469 -9.238769
v 1.137212 72.034791 -9.288701
v -5.561626 69.699746 -1.821129
v -11.445560 71.971444 -0.214259
v -18.047465 73.061860 -1.836403
v -24.769466 73.128869 1.546616
v -29.164065 72.967362 4.875014
v 19.776730 57.603886 -7.736315
v 13.009774 58.152127 -6.271137
v 8.209901 63.464059 -8.989672
v 1.181218 67.855729 -9.099100
v -5.520763 65.819581 -1.645090
v -11.406291 68.242173 -0.045065
v -18.020282 70.480317 -1.719280
v -24.750041 71.283814 1.630326
v -29.147868 71.429208 4.944798
v 19.982358 53.083207 -2.786628
v 13.181745 54.371343 -2.131560
v 8.378423 59.759133 -4.933163
v 1.309499 65.035691 -6.011463
v -5.401668 63.201260 1.221704
v -11.291812 65.725663 2.710244
v -17.941051 68.738297 0.188053
v -24.693408 70.038773 2.993515
v -29.100658 70.391267 6.081238
v 20.202622 53.389321 3.909330
v 13.365960 54.627358 3.468484
v 8.558949 60.010007 0.554517
v 1.446904 65.226655 -1.834480
v -5.274089 63.378556 5.099923
v -11.169192 65.896073 6.437645
v -17.856166 68.856255 2.768304
v -24.632747 70.123078 4.837647
v -29.050082 70.461556 7.618618
v 95.394055 37.461541 -42.819485
v 99.204953 33.613190 -49.059414
v 93.349118 28.146891 -52.218357
v 91.548757 19.807771 -51.048767
v 94.858502 13.480775 -46.235775
v 101.339536 12.872174 -40.598770
v 107.195371 18.338473 -37.439831
v 108.995725 26.677594 -38.609421
v 105.685986 33.004586 -43.422413
v 99.214536 32.392777 -52.198067
v 94.048245 27.570151 -54.985039
v 92.459882 20.212989 -53.953175
v 95.379895 14.631020 -49.706924
v 101.097768 14.094079 -44.733696
v 106.264050 18.916705 -41.946732
v 107.852414 26.273867 -42.978592
v 104.932416 31.855836 -47.224846
v 100.613172 29.886269 -54.911400
v 96.159581 25.728928 -57.313911
v 94.790326 19.386689 -56.424397
v 97.307523 14.574754 -52.763916
v 102.236615 14.111886 -48.476749
v 106.690213 18.269227 -46.074245
v 108.059461 24.611466 -46.963757
v 105.542264 29.423402 -50.624241
v 105.833936 27.950732 -59.601406
v 102.262784 24.617129 -61.527889
v 101.164838 19.531543 -60.814632
v 103.183278 15.673049 -57.879436
v 107.135716 15.301894 -54.441738
v 110.706868 18.635497 -52.515266
v 111.804814 23.721082 -53.228519
v 109.786382 27.579577 -56.163723
v 108.202413 24.993670 -61.955856
v 105.243009 22.231118 -63.552330
v 104.333135 18.016698 -62.961258
v 106.005818 14.819165 -60.528862
v 109.281201 14.511590 -57.680054
v 112.240613 17.274144 -56.083588
v 113.150479 21.488562 -56.674652
v 111.477803 24.686095 -59.107056
v 109.674359 20.082585 -69.395500
v 108.186704 18.693887 -70.198036
v 107.729321 16.575353 -69.900909
v 108.570157 14.967997 -68.678169
v 110.216649 14.813382 -67.246124
v 111.704305 16.202081 -66.443604
v 112.161679 18.320613 -66.740715
v 111.320851 19.927972 -67.963455
v 115.186185 14.529076 -73.362396
v 96.537625 35.004754 -46.101871
v 90.236340 29.122628 -49.501118
v 88.299024 20.149142 -48.242554
v 91.860539 13.340844 -43.063431
v 98.834592 12.685944 -36.997612
v 105.135892 18.568074 -33.598366
v 107.073209 27.541560 -34.856930
v 103.511693 34.349854 -40.036049
v 110.407941 27.306903 -15.594368
v 118.957745 27.306903 -0.259962
v 116.965123 27.306903 15.074436
v 110.417798 27.306903 28.907795
v 104.552571 27.306903 43.603096
v 83.565640 27.306903 51.208809
v 69.237279 27.306903 52.153389
v 54.908914 27.306903 57.542488
v 41.990636 27.320138 39.915020
v 33.307218 28.039420 30.513371
v 26.314347 28.040810 16.683052
v 17.049752 27.306903 -0.259962
v 25.124555 27.306903 -15.564209
v 32.086011 27.306903 -27.490326
v 32.836465 27.306903 -44.192268
v 54.363568 27.306903 -40.354519
v 69.237279 27.306903 -49.839287
v 86.333211 24.198060 -46.313293
v 89.051183 23.633088 -48.731190
v 92.247746 23.045426 -51.502861
v 93.076566 23.069400 -54.353794
v 95.321935 21.849057 -56.769753
v 101.591115 21.506017 -61.091557
v 104.686391 19.652942 -63.190742
v 107.906903 17.397872 -70.016266
v 111.835225 18.944669 -67.215439
v 112.501058 22.730000 -57.619026
v 111.021153 25.219140 -54.368107
v 107.082158 26.479695 -48.384933
v 106.718724 28.441062 -44.627197
v 107.710721 29.134044 -40.478054
v 105.690457 30.184872 -36.867718
v 104.188703 31.228734 -33.582680
vt 0.464706 0.849994
vt 0.142115 0.187226
vt 0.180506 0.222387
vt 0.140746 0.262902
vt 0.202995 0.097323
vt 0.632117 0.970703
vt 0.321286 0.094755
vt 0.253871 0.117324
vt 0.684442 0.942645
vt 0.392577 0.083430
vt 0.760368 0.931077
vt 0.480890 0.069281
vt 0.764893 0.879834
vt 0.550791 0.087267
vt 0.785626 0.832667
vt 0.601981 0.108177
vt 0.810955 0.774224
vt 0.663941 0.139737
vt 0.784877 0.702336
vt 0.719689 0.198073
vt 0.755967 0.653060
vt 0.764964 0.228993
vt 0.710483 0.630597
vt 0.802653 0.252379
vt 0.657352 0.555904
vt 0.113767 0.613194
vt 0.606463 0.592419
vt 0.169154 0.623995
vt 0.553990 0.598987
vt 0.220512 0.624088
vt 0.474017 0.618719
vt 0.304682 0.618609
vt 0.458891 0.685656
vt 0.358174 0.639308
vt 0.436813 0.737683
vt 0.077159 0.365676
vt 0.431385 0.794462
vt 0.106236 0.315569
vt 0.582904 0.735252
vt 0.158716 0.126077
vt 0.310037 0.421415
vt 0.321005 0.388458
vt 0.440488 0.488217
vt 0.343749 0.361670
vt 0.368444 0.336271
vt 0.401039 0.319478
vt 0.436528 0.313346
vt 0.470226 0.312190
vt 0.509791 0.322258
vt 0.539291 0.343034
vt 0.569439 0.370397
vt 0.596190 0.403471
vt 0.614935 0.443234
vt 0.617109 0.492336
vt 0.141612 0.837521
vt 0.184467 0.831395
vt 0.227361 0.832856
vt 0.282035 0.834552
vt 0.332169 0.837927
vt 0.292670 0.506706
vt 0.295746 0.465937
vt 0.271408 0.458077
vt 0.292373 0.412120
vt 0.262493 0.504816
vt 0.333344 0.814315
vt 0.282807 0.810742
vt 0.226662 0.808970
vt 0.182498 0.812393
vt 0.138756 0.818620
vt 0.651546 0.469838
vt 0.632845 0.424567
vt 0.605358 0.385616
vt 0.572362 0.354446
vt 0.538682 0.325053
vt 0.507702 0.304988
vt 0.464259 0.293456
vt 0.427947 0.294984
vt 0.391133 0.304020
vt 0.360120 0.323283
vt 0.331683 0.346641
vt 0.306570 0.379346
vt 0.253815 0.453719
vt 0.277705 0.408587
vt 0.240840 0.500425
vt 0.334165 0.799226
vt 0.283424 0.795341
vt 0.226151 0.793323
vt 0.180775 0.797056
vt 0.136436 0.803345
vt 0.674456 0.450527
vt 0.645586 0.407387
vt 0.611814 0.353494
vt 0.586961 0.354736
vt 0.565656 0.332272
vt 0.510766 0.289666
vt 0.458660 0.279172
vt 0.421944 0.282357
vt 0.387312 0.290212
vt 0.352861 0.311153
vt 0.320720 0.337663
vt 0.293444 0.371691
vt 0.235743 0.436118
vt 0.261696 0.394888
vt 0.217347 0.479791
vt 0.336064 0.779393
vt 0.285067 0.774920
vt 0.227520 0.771444
vt 0.178567 0.776529
vt 0.133527 0.782875
vt 0.699655 0.423890
vt 0.667373 0.388323
vt 0.833472 0.251592
vt 0.515275 0.268441
vt 0.560908 0.302702
vt 0.463759 0.259989
vt 0.419095 0.262635
vt 0.377195 0.274140
vt 0.339606 0.296708
vt 0.306335 0.324343
vt 0.278479 0.357182
vt 0.213070 0.423139
vt 0.244051 0.376150
vt 0.188115 0.459661
vt 0.339759 0.757672
vt 0.286192 0.752522
vt 0.229583 0.743369
vt 0.175995 0.753388
vt 0.129225 0.760444
vt 0.722427 0.394610
vt 0.680801 0.357986
vt 0.629526 0.292102
vt 0.521984 0.245407
vt 0.573627 0.276806
vt 0.470497 0.237800
vt 0.421260 0.239685
vt 0.377126 0.250889
vt 0.336161 0.273670
vt 0.299169 0.301184
vt 0.268030 0.335661
vt 0.182744 0.386647
vt 0.215475 0.344068
vt 0.230286 0.360144
vt 0.202124 0.401483
vt 0.153930 0.427644
vt 0.175438 0.439774
vt 0.343722 0.720072
vt 0.341943 0.739498
vt 0.290795 0.713610
vt 0.289573 0.733768
vt 0.229344 0.705308
vt 0.231245 0.725377
vt 0.170172 0.714746
vt 0.173438 0.734288
vt 0.121370 0.720357
vt 0.125299 0.741162
vt 0.753170 0.343486
vt 0.738523 0.369028
vt 0.704850 0.312055
vt 0.699646 0.339803
vt 0.663196 0.278750
vt 0.660045 0.302832
vt 0.621631 0.239852
vt 0.617901 0.264891
vt 0.572096 0.220469
vt 0.568826 0.243204
vt 0.525683 0.199854
vt 0.520624 0.223474
vt 0.467228 0.193440
vt 0.462544 0.217265
vt 0.413810 0.198155
vt 0.410378 0.221106
vt 0.362538 0.209140
vt 0.364712 0.233483
vt 0.313806 0.237238
vt 0.323266 0.258772
vt 0.270798 0.265577
vt 0.284088 0.285935
vt 0.238415 0.304249
vt 0.251681 0.324869
vt 0.602690 0.272282
vt 0.159772 0.368567
vt 0.196948 0.319841
vt 0.131100 0.415728
vt 0.344363 0.693386
vt 0.285170 0.683489
vt 0.220277 0.682785
vt 0.168989 0.681983
vt 0.118907 0.685526
vt 0.775115 0.314289
vt 0.725611 0.285199
vt 0.677842 0.252314
vt 0.631509 0.202580
vt 0.572977 0.184160
vt 0.521282 0.164976
vt 0.472461 0.144586
vt 0.412721 0.171609
vt 0.350182 0.170261
vt 0.304571 0.197125
vt 0.257571 0.237304
vt 0.226679 0.272164
vt 0.140400 0.349509
vt 0.178322 0.296734
vt 0.110317 0.398384
vt 0.348608 0.673357
vt 0.292567 0.662149
vt 0.220413 0.660888
vt 0.168796 0.660732
vt 0.116061 0.662602
vt 0.785740 0.290418
vt 0.740178 0.262527
vt 0.690535 0.227258
vt 0.639121 0.177202
vt 0.581036 0.154470
vt 0.529328 0.136746
vt 0.472877 0.117244
vt 0.403987 0.139793
vt 0.337878 0.144241
vt 0.225339 0.234950
vt 0.155446 0.276468
vt 0.119684 0.329598
vt 0.090067 0.378936
vt 0.353724 0.652579
vt 0.300097 0.635285
vt 0.220601 0.638414
vt 0.168622 0.638393
vt 0.114834 0.631758
vt 0.796252 0.266828
vt 0.755495 0.242685
vt 0.708214 0.209106
vt 0.653440 0.155717
vt 0.592510 0.125684
vt 0.541363 0.106949
vt 0.480150 0.091397
vt 0.396414 0.105837
vt 0.328282 0.114644
vt 0.266507 0.134283
vt 0.196872 0.227403
vt 0.274133 0.169761
vt 0.611814 0.353493
vt 0.833473 0.251592
vt 0.586961 0.354735
vt 0.565658 0.332274
vt 0.560911 0.302699
vt 0.573628 0.276806
vt 0.602694 0.272287
vt 0.629523 0.292102
vt 0.603019 0.350646
vt 0.624061 0.323309
vt 0.596642 0.347782
vt 0.620360 0.314906
vt 0.593650 0.344479
vt 0.613412 0.320668
vt 0.593109 0.343825
vt 0.612541 0.323599
vt 0.604266 0.345833
vt 0.606930 0.343414
vt 0.604629 0.345973
vt 0.607182 0.344102
vt 0.605473 0.346212
vt 0.607109 0.344856
vt 0.606005 0.346606
vt 0.607405 0.345414
vt 0.606686 0.347264
vt 0.607597 0.346019
vt 0.609295 0.349313
vt 0.590728 0.345402
vt 0.588400 0.339252
vt 0.589977 0.340336
vt 0.589742 0.336342
vt 0.595759 0.342026
vt 0.603786 0.344552
vt 0.604320 0.344950
vt 0.604596 0.345234
vt 0.605435 0.344962
vt 0.573420 0.325355
vt 0.579334 0.323048
vt 0.584676 0.326773
vt 0.590200 0.328546
vt 0.592601 0.334778
vt 0.598095 0.340307
vt 0.600106 0.341738
vt 0.603733 0.343773
vt 0.604347 0.343557
vt 0.572963 0.302244
vt 0.581465 0.306844
vt 0.583493 0.313324
vt 0.588344 0.319124
vt 0.592923 0.325708
vt 0.594371 0.333363
vt 0.600041 0.337161
vt 0.602632 0.340913
vt 0.603207 0.342188
vt 0.585345 0.285736
vt 0.589714 0.295867
vt 0.589171 0.304474
vt 0.592848 0.312755
vt 0.598405 0.321548
vt 0.597642 0.329009
vt 0.599687 0.332773
vt 0.603704 0.337541
vt 0.603927 0.340868
vt 0.606395 0.284806
vt 0.602026 0.293462
vt 0.597945 0.300917
vt 0.599226 0.310712
vt 0.604138 0.322601
vt 0.603187 0.333640
vt 0.604085 0.336616
vt 0.605652 0.340938
vt 0.605073 0.342364
vt 0.623141 0.300182
vt 0.614626 0.300285
vt 0.609558 0.306058
vt 0.606907 0.314130
vt 0.607626 0.331809
vt 0.605658 0.340776
vt 0.606054 0.341982
vt 0.606816 0.344436
vt 0.606019 0.343911
vt 0.258309 0.210923
vt 0.256958 0.139452
vt 0.248499 0.127599
vt 0.253294 0.196520
vt 0.264517 0.160794
vt 0.209303 0.115578
vt 0.172593 0.135406
vt 0.225038 0.218527
vt 0.202731 0.219204
vt 0.187969 0.213922
vt 0.161247 0.181341
vt 0.255928 0.165043
vt 0.244576 0.191354
vt 0.243862 0.184224
vt 0.250891 0.163830
vt 0.242739 0.136737
vt 0.251233 0.146416
vt 0.248211 0.150458
vt 0.242700 0.142487
vt 0.212045 0.129732
vt 0.219058 0.135927
vt 0.182516 0.147208
vt 0.194822 0.148447
vt 0.175698 0.181701
vt 0.186632 0.176424
vt 0.195109 0.205869
vt 0.201859 0.199512
vt 0.211056 0.201033
vt 0.205895 0.209140
vt 0.222720 0.207774
vt 0.225957 0.198599
vt 0.241144 0.178629
vt 0.245671 0.160649
vt 0.242255 0.150559
vt 0.237176 0.146636
vt 0.220686 0.141466
vt 0.201997 0.150461
vt 0.193545 0.170863
vt 0.203371 0.191459
vt 0.211967 0.194402
vt 0.225290 0.192115
vt 0.232452 0.178997
vt 0.236462 0.166644
vt 0.235033 0.158688
vt 0.231699 0.154649
vt 0.217279 0.151182
vt 0.204746 0.160019
vt 0.201472 0.174793
vt 0.209198 0.186321
vt 0.214237 0.187421
vt 0.221550 0.184363
vt 0.228477 0.175341
vt 0.232313 0.165155
vt 0.230633 0.158709
vt 0.227264 0.156247
vt 0.217218 0.155954
vt 0.208689 0.160536
vt 0.205219 0.170176
vt 0.208886 0.180021
vt 0.212245 0.182242
vt 0.218956 0.181656
vt 0.225553 0.171247
vt 0.226945 0.166354
vt 0.225907 0.163722
vt 0.224299 0.163033
vt 0.219965 0.162065
vt 0.216021 0.164476
vt 0.214438 0.169205
vt 0.215950 0.174372
vt 0.217834 0.175302
vt 0.221292 0.174815
vt 0.219649 0.170978
vt 0.083453 0.288535
vt 0.115977 0.238245
vt 0.054377 0.343164
vt 0.366464 0.614806
vt 0.301094 0.591701
vt 0.220262 0.598315
vt 0.170086 0.598075
vt 0.108704 0.588232
vt 0.812062 0.226968
vt 0.776149 0.195190
vt 0.735728 0.164869
vt 0.680811 0.110219
vt 0.612853 0.068882
vt 0.549483 0.044212
vt 0.486003 0.029325
vt 0.378097 0.034737
vt 0.296574 0.062891
vt 0.556083 0.936043
vt 0.527475 0.914831
vt 0.495314 0.899604
vt 0.933193 0.458597
vt 0.939120 0.496779
vt 0.930496 0.440387
vt 0.925604 0.415839
vt 0.915608 0.388655
vt 0.903379 0.369046
vt 0.905818 0.333877
vt 0.889230 0.308910
vt 0.866434 0.293396
vt 0.863423 0.268549
vt 0.860847 0.246073
vt 0.927770 0.459690
vt 0.923992 0.441698
vt 0.916504 0.417674
vt 0.902462 0.391306
vt 0.889701 0.371803
vt 0.891086 0.336847
vt 0.869876 0.312813
vt 0.846683 0.297378
vt 0.839807 0.273310
vt 0.631886 0.327632
vt 0.860847 0.246073
vt 0.631886 0.327633
vt 0.048197 0.669035
vt 0.057218 0.688419
vt 0.060621 0.430008
vt 0.078974 0.447726
vt 0.041403 0.656631
vt 0.049449 0.419095
vt 0.065691 0.707435
vt 0.097622 0.465737
vt 0.070327 0.735554
vt 0.123259 0.479690
vt 0.075279 0.754002
vt 0.079030 0.771738
vt 0.144491 0.496180
vt 0.168062 0.512242
vt 0.083793 0.793085
vt 0.198660 0.528486
vt 0.086981 0.812885
vt 0.230910 0.542377
vt 0.089567 0.827823
vt 0.257985 0.550959
vt 0.092779 0.846538
vt 0.304325 0.559964
vt 0.029297 0.400780
vt 0.029297 0.633711
vt 0.378284 0.587955
vt 0.459636 0.594100
vt 0.520154 0.575213
vt 0.574503 0.543390
vn 0.227888 -0.952651 -0.201305
vn 0.532414 -0.846437 0.008968
vn 0.972763 0.040029 -0.228318
vn 0.896830 0.044330 -0.440149
vn -0.144201 -0.987720 -0.060131
vn -0.093059 -0.957077 -0.274488
vn -0.126221 0.073532 -0.989273
vn 0.211414 -0.218697 -0.952615
vn -0.051579 -0.974612 -0.217878
vn -0.158443 0.181142 -0.970610
vn -0.181078 -0.944156 -0.275283
vn -0.494439 0.163397 -0.853716
vn -0.227134 -0.971638 -0.065803
vn -0.944051 0.128890 -0.303571
vn -0.197427 -0.974137 -0.109903
vn -0.861570 0.149282 -0.485193
vn -0.280005 -0.959288 0.036932
vn -0.962602 0.269842 -0.024160
vn -0.267891 -0.945244 0.186407
vn -0.825603 0.423563 0.372794
vn -0.292654 -0.940583 0.172217
vn -0.683384 0.460945 0.566141
vn -0.248588 -0.960827 0.122540
vn -0.741235 0.281474 0.609380
vn -0.167526 -0.911927 0.374598
vn -0.370025 0.297127 0.880226
vn 0.119267 -0.932237 0.341628
vn 0.293355 0.220146 0.930311
vn 0.065358 -0.923612 0.377716
vn 0.179531 0.244767 0.952816
vn 0.253287 -0.888323 0.383050
vn 0.674511 0.272811 0.686009
vn 0.319862 -0.940787 0.112283
vn 0.924025 0.175772 0.339531
vn 0.361532 -0.926354 0.105657
vn 0.950485 0.139276 0.277815
vn 0.358071 -0.930689 -0.074855
vn 0.968576 0.135765 -0.208394
vn -0.015996 -0.999837 0.008349
vn 0.208006 -0.966296 0.151676
vn 0.242578 0.954877 -0.171363
vn 0.304106 0.943246 -0.133442
vn -0.017694 0.999811 -0.008019
vn 0.103635 0.973131 -0.205613
vn 0.084901 0.965946 -0.244419
vn 0.052933 0.971617 -0.230563
vn -0.067706 0.979574 -0.189340
vn -0.158880 0.973937 -0.161876
vn -0.200955 0.972109 -0.120915
vn -0.205198 0.976737 -0.062285
vn -0.240441 0.970664 -0.000000
vn -0.247441 0.965561 0.080399
vn -0.231242 0.958280 0.168007
vn -0.194995 0.954490 0.225667
vn -0.131958 0.939347 0.316568
vn -0.049208 0.930683 0.362501
vn 0.086878 0.915922 0.391841
vn 0.257195 0.907667 0.331649
vn 0.331258 0.913184 0.237408
vn 0.369901 0.919398 0.133723
vn 0.325093 0.938303 -0.117905
vn 0.977100 0.000000 -0.212782
vn 0.910377 0.000000 -0.413779
vn 0.954697 0.000000 0.297580
vn 0.814028 0.000000 0.580826
vn 0.613077 0.000000 0.790023
vn 0.314824 0.000000 0.949150
vn -0.025400 0.000000 0.999677
vn -0.384751 0.000000 0.923021
vn -0.653813 0.000000 0.756656
vn -0.799690 0.072924 0.595968
vn -0.891920 0.200703 0.405212
vn -0.884946 0.464487 0.033509
vn -0.932989 0.178004 -0.312803
vn -0.819960 0.117082 -0.560320
vn -0.560671 0.164295 -0.811576
vn -0.223478 0.192573 -0.955497
vn 0.065923 0.090516 -0.993711
vn 0.318008 0.010232 -0.948033
vn 0.572182 0.000000 -0.820127
vn 0.854214 0.000000 -0.519921
vn 0.968562 0.065572 -0.239974
vn 0.912486 0.025746 -0.408297
vn 0.947182 0.102839 0.303761
vn 0.804414 0.058683 0.591163
vn 0.623838 0.069287 0.778476
vn 0.296955 0.103038 0.949316
vn -0.044080 0.052444 0.997651
vn -0.386449 0.013548 0.922211
vn -0.654086 0.009695 0.756358
vn -0.777468 0.072648 0.624713
vn -0.804240 0.231787 0.547242
vn -0.513004 0.829502 0.220799
vn -0.620548 0.720017 -0.310639
vn -0.799344 0.133356 -0.585889
vn -0.588524 0.003462 -0.808472
vn -0.209101 0.023006 -0.977623
vn 0.107386 0.023800 -0.993932
vn 0.319455 0.017934 -0.947432
vn 0.569519 0.023466 -0.821643
vn 0.856824 0.026348 -0.514936
vn 0.925800 0.237017 -0.294479
vn 0.904271 0.120364 -0.409642
vn 0.891239 0.348203 0.290598
vn 0.756674 0.223972 0.614232
vn 0.649826 0.246162 0.719118
vn 0.282512 0.364977 0.887118
vn -0.095742 0.239265 0.966222
vn -0.381019 0.144228 0.913249
vn -0.647958 0.128905 0.750689
vn -0.779773 0.034519 0.625110
vn -0.832775 -0.051836 0.551179
vn -0.788979 0.110694 -0.604367
vn -0.838060 0.182316 -0.514215
vn -0.596522 0.037952 -0.801699
vn -0.232518 0.067565 -0.970242
vn 0.109431 0.111013 -0.987776
vn 0.316234 0.121090 -0.940921
vn 0.567821 0.125680 -0.813501
vn 0.852956 0.122079 -0.507507
vn 0.921805 0.127755 -0.365997
vn 0.906543 -0.004456 -0.422090
vn 0.936596 0.194464 0.291500
vn 0.733128 0.094487 0.673495
vn 0.719272 0.126976 0.683026
vn 0.315498 0.195424 0.928585
vn -0.168739 0.112891 0.979175
vn -0.394249 0.005163 0.918989
vn -0.653847 -0.008091 0.756584
vn -0.798472 -0.102654 0.593215
vn -0.741776 -0.583294 0.330963
vn -0.801331 -0.112282 -0.587590
vn -0.862982 -0.211610 -0.458784
vn -0.604566 -0.055462 -0.794622
vn -0.282124 -0.023974 -0.959078
vn 0.103517 0.006749 -0.994605
vn 0.315709 -0.011039 -0.948792
vn 0.568601 -0.019459 -0.822384
vn 0.853565 -0.021518 -0.520542
vn 0.871641 0.342349 -0.350770
vn 0.824132 0.401290 -0.399717
vn 0.903505 -0.018372 -0.428185
vn 0.904152 -0.024494 -0.426508
vn 0.926086 0.271183 0.262344
vn 0.961465 -0.033228 0.272914
vn 0.677926 0.423195 0.601100
vn 0.712752 -0.025028 0.700970
vn 0.647430 0.452466 0.613278
vn 0.750803 -0.025009 0.660052
vn 0.316113 0.452879 0.833651
vn 0.367159 -0.035846 0.929467
vn -0.134765 0.535716 0.833575
vn -0.207768 -0.028368 0.977767
vn -0.318529 0.633516 0.705122
vn -0.401676 -0.027574 0.915367
vn -0.545685 0.570822 0.613506
vn -0.653860 -0.026105 0.756165
vn -0.691725 0.536204 0.483738
vn -0.806987 -0.036916 0.589414
vn -0.777860 0.556477 0.292004
vn -0.920931 -0.048648 0.386677
vn -0.784784 0.619767 0.001579
vn -0.982449 -0.184684 -0.026187
vn -0.792832 0.560148 -0.240108
vn -0.934756 -0.155212 -0.319594
vn -0.678688 0.629071 -0.379014
vn -0.820775 -0.087765 -0.564470
vn -0.394525 0.613617 -0.683977
vn -0.587586 -0.053480 -0.807392
vn -0.263048 0.362987 -0.893894
vn -0.277919 -0.107437 -0.954578
vn -0.024697 0.516662 -0.855833
vn 0.096617 -0.065303 -0.993177
vn 0.283916 0.588548 -0.756970
vn 0.320916 -0.023082 -0.946826
vn 0.511253 0.503281 -0.696655
vn 0.571108 -0.022348 -0.820571
vn 0.788415 0.420961 -0.448547
vn 0.860101 -0.020967 -0.509693
vn -0.613788 -0.761708 -0.207523
vn 0.942904 0.222703 -0.247660
vn 0.850773 0.341953 -0.399065
vn 0.928351 0.206866 0.308821
vn 0.748208 0.379987 0.543870
vn 0.599043 0.387642 0.700629
vn 0.254019 0.392561 0.883952
vn -0.045647 0.504980 0.861924
vn -0.342198 0.535063 0.772404
vn -0.604639 0.469968 0.643072
vn -0.775193 0.347440 0.527600
vn -0.839499 0.382938 0.385487
vn -0.890676 0.454555 0.008700
vn -0.843189 0.428899 -0.324158
vn -0.778361 0.549462 -0.303718
vn -0.329630 0.507322 -0.796221
vn -0.149953 0.360079 -0.920792
vn -0.139817 0.405373 -0.903396
vn 0.225555 0.536176 -0.813413
vn 0.405195 0.724638 -0.557420
vn 0.793600 0.443096 -0.416971
vn 0.974615 0.053114 -0.217494
vn 0.910668 0.100233 -0.400795
vn 0.958438 0.036411 0.282969
vn 0.854435 0.164198 0.492930
vn 0.613406 0.273559 0.740877
vn 0.288311 0.170745 0.942191
vn 0.064328 0.214842 0.974528
vn -0.405288 0.350016 0.844530
vn -0.720011 0.184424 0.669008
vn -0.836225 0.050485 0.546058
vn -0.883852 0.076994 0.461386
vn -0.989246 0.144994 0.019186
vn -0.902797 0.046060 -0.427594
vn -0.966003 -0.005775 -0.258467
vn -0.460092 0.081790 -0.884096
vn -0.125771 0.098484 -0.987159
vn -0.187540 0.095489 -0.977605
vn 0.766628 0.552043 -0.327917
vn 0.910881 0.129848 -0.391707
vn 0.969036 0.135820 -0.206209
vn 0.950489 0.138236 0.278320
vn 0.869317 0.286225 0.402943
vn 0.582174 0.412776 0.700492
vn 0.237120 0.291383 0.926753
vn 0.172078 0.340211 0.924470
vn -0.355414 0.486767 0.797959
vn -0.730500 0.318130 0.604287
vn -0.800497 0.241922 0.548342
vn -0.862774 0.221818 0.454332
vn -0.983227 0.181704 0.015741
vn -0.877926 0.066847 -0.474106
vn -0.966178 -0.031454 -0.255950
vn -0.477905 -0.113369 -0.871065
vn -0.156186 -0.034833 -0.987113
vn -0.180435 0.031168 -0.983093
vn 0.053180 0.033528 -0.998022
vn 0.957698 0.174326 -0.228966
vn 0.072768 0.301757 -0.950604
vn -0.195659 0.411903 0.889974
vn -0.187810 -0.333651 0.923799
vn -0.218543 0.915002 0.339132
vn -0.243057 0.880935 -0.406050
vn -0.254840 0.329659 -0.909055
vn -0.246990 -0.415895 -0.875230
vn -0.224106 -0.918993 -0.324389
vn -0.199592 -0.884927 0.420794
vn -0.191992 0.411894 0.890776
vn -0.184317 -0.333583 0.924527
vn -0.253571 0.334014 0.907820
vn -0.435401 -0.349299 0.829708
vn -0.098081 0.439753 0.892747
vn -0.610304 -0.258807 0.748698
vn 0.212591 0.518656 0.828131
vn 0.132135 -0.304533 0.943292
vn 0.511208 0.291305 0.808584
vn 0.465710 -0.340209 0.816929
vn -0.076426 0.411065 0.908397
vn -0.258363 -0.281838 0.924022
vn -0.212412 0.458215 0.863088
vn -0.352907 -0.325052 0.877382
vn 0.302255 0.415891 0.857716
vn 0.298619 -0.314696 0.900996
vn -0.057421 0.364699 0.929353
vn -0.051661 -0.292243 0.954948
vn -0.979265 -0.006351 -0.202484
vn -0.212738 0.915952 0.340256
vn 0.148217 0.911612 0.383400
vn 0.421991 0.861750 0.281623
vn 0.013792 0.979261 0.202134
vn 0.287175 0.869436 0.402010
vn 0.102861 0.910998 0.399377
vn -0.049733 0.967020 0.249798
vn 0.056439 0.938599 0.340363
vn -0.107283 0.880640 0.461480
vn -0.234445 0.883129 -0.406349
vn 0.352541 0.845100 -0.401897
vn 0.547517 0.749687 -0.371746
vn -0.202698 0.856768 -0.474196
vn -0.297126 0.881419 -0.367175
vn 0.204246 0.914933 -0.348113
vn 0.010007 0.867714 -0.496963
vn -0.278510 0.876625 -0.392379
vn -0.196249 0.931712 -0.305614
vn -0.244375 0.330852 -0.911492
vn 0.191496 0.288656 -0.938087
vn 0.426136 0.312811 -0.848857
vn -0.335127 0.368258 -0.867223
vn -0.605926 0.243205 -0.757433
vn 0.100538 0.378505 -0.920123
vn -0.026500 0.332697 -0.942661
vn -0.475163 0.310007 -0.823478
vn -0.252716 0.367103 -0.895193
vn -0.236671 -0.417169 -0.877472
vn -0.223408 -0.486526 -0.844619
vn -0.039322 -0.404382 -0.913745
vn -0.441773 -0.279100 -0.852608
vn -0.542883 -0.435831 -0.717864
vn -0.192680 -0.432964 -0.880578
vn -0.121527 -0.359873 -0.925053
vn -0.487479 -0.375273 -0.788374
vn -0.245952 -0.461035 -0.852616
vn -0.215866 -0.920957 -0.324407
vn -0.441787 -0.864948 -0.238096
vn -0.587419 -0.762276 -0.271797
vn -0.442934 -0.804825 -0.395053
vn -0.143801 -0.961565 -0.233912
vn -0.398046 -0.884077 -0.244883
vn -0.270621 -0.873858 -0.403901
vn -0.310539 -0.898000 -0.311708
vn -0.178443 -0.960370 -0.214122
vn -0.194189 -0.885589 0.421927
vn -0.477812 -0.787987 0.388294
vn -0.724353 -0.617295 0.307016
vn -0.196145 -0.908287 0.369517
vn 0.268743 -0.854939 0.443685
vn -0.394929 -0.794425 0.461432
vn -0.376276 -0.859561 0.345791
vn 0.033951 -0.901193 0.432086
vn -0.090194 -0.839338 0.536076
vn 0.265714 0.724534 -0.635962
vn -0.683492 0.076236 -0.725966
vn -0.597969 -0.506223 -0.621428
vn -0.016652 0.848074 -0.529616
vn -0.525891 0.465547 -0.711832
vn -0.298177 -0.898468 -0.322252
vn 0.279949 -0.952111 0.122935
vn 0.591822 0.788045 -0.169504
vn 0.831549 0.522281 0.189075
vn 0.912824 0.068827 0.402510
vn 0.772562 -0.491777 0.401626
vn -0.597554 0.555697 -0.578040
vn 0.014590 0.908355 -0.417946
vn -0.029189 0.864170 -0.502352
vn -0.598614 0.543954 -0.588026
vn -0.696208 -0.496792 -0.518162
vn -0.793748 0.086932 -0.602003
vn -0.856328 0.114239 -0.503638
vn -0.801533 -0.405295 -0.439636
vn -0.219664 -0.918496 -0.328807
vn -0.410595 -0.870621 -0.270980
vn 0.421087 -0.906898 -0.014896
vn 0.419800 -0.899744 -0.119285
vn 0.861373 -0.480024 0.166174
vn 0.881017 -0.463740 -0.093569
vn 0.990363 -0.017806 0.137350
vn 0.990322 -0.060385 -0.124965
vn 0.922211 0.333374 -0.195932
vn 0.873538 0.485325 0.037288
vn 0.616748 0.774731 -0.139335
vn 0.639293 0.694232 -0.330676
vn -0.006782 0.844187 -0.536006
vn -0.466737 0.425768 -0.775163
vn -0.624524 0.025351 -0.780594
vn -0.563203 -0.526914 -0.636525
vn -0.281709 -0.892563 -0.352096
vn 0.277971 -0.958602 0.061759
vn 0.784823 -0.532397 0.317185
vn 0.947528 0.025929 0.318619
vn 0.824363 0.545697 0.150465
vn 0.556533 0.818876 -0.140405
vn 0.047576 0.866290 -0.497271
vn -0.377493 0.482718 -0.790242
vn -0.564879 0.006226 -0.825150
vn -0.527032 -0.489252 -0.694888
vn -0.265889 -0.894109 -0.360377
vn 0.290410 -0.944041 0.156364
vn 0.767975 -0.439967 0.465450
vn 0.888003 0.118861 0.444211
vn 0.774339 0.586240 0.238162
vn 0.510830 0.856353 -0.075585
vn 0.196837 0.774581 -0.601066
vn -0.471292 0.500567 -0.726166
vn -0.769085 0.077055 -0.634485
vn -0.762290 -0.480251 -0.433905
vn -0.377915 -0.914977 -0.141412
vn 0.335536 -0.930384 0.147654
vn 0.846140 -0.487761 0.214794
vn 0.992479 -0.038940 0.116055
vn 0.912192 0.395415 -0.107486
vn 0.718657 0.625834 -0.303090
vn -0.009038 0.802240 -0.596933
vn -0.568563 0.466139 -0.677827
vn -0.792731 0.086520 -0.603401
vn -0.783271 -0.429138 -0.449807
vn -0.497760 -0.835962 -0.231090
vn 0.248182 -0.967822 0.041536
vn 0.849545 -0.518809 0.095449
vn 0.999407 -0.033860 -0.006309
vn 0.916506 0.376388 -0.135461
vn 0.633431 0.686708 -0.356647
vn 0.645212 -0.439880 -0.624666
s 1
g TrunkCut_geo_2 Trunk_block1
f 645/1117/645 646/726/646 861/727/647 843/728/648
f 648/729/649 649/1132/650 859/731/651 860/732/652
f 649/1132/650 650/1131/653 858/734/654 859/731/651
f 650/1131/653 651/1130/655 857/736/656 858/734/654
f 651/1130/655 652/1129/657 856/738/658 857/736/656
f 652/1129/657 653/1128/659 855/740/660 856/738/658
f 653/1128/659 654/1127/661 854/742/662 855/740/660
f 654/1127/661 655/1126/663 853/744/664 854/742/662
f 655/1126/663 656/1125/665 852/746/666 853/744/664
f 656/1125/665 657/1124/667 851/748/668 852/746/666
f 657/1182/667 658/1123/669 850/750/670 851/1163/668
f 658/1123/669 659/1122/671 849/752/672 850/750/670
f 659/1122/671 660/1121/673 848/754/674 849/752/672
f 660/1121/673 661/1120/675 847/756/676 848/754/674
f 661/1120/675 662/1119/677 846/758/678 847/756/676
f 662/1181/677 663/1118/679 845/760/680 846/1164/678
f 663/1118/679 664/1116/681 844/762/682 845/760/680
f 664/1116/681 645/1117/645 843/728/648 844/762/682
f 646/1135/646 645/725/645 685/763/683
f 647/1134/684 646/1135/646 685/763/683
f 648/1133/649 647/1134/684 685/763/683
f 649/730/650 648/1133/649 685/763/683
f 650/733/653 649/730/650 685/763/683
f 651/735/655 650/733/653 685/763/683
f 652/737/657 651/735/655 685/763/683
f 653/739/659 652/737/657 685/763/683
f 654/741/661 653/739/659 685/763/683
f 655/743/663 654/741/661 685/763/683
f 656/745/665 655/743/663 685/763/683
f 657/747/667 656/745/665 685/763/683
f 658/749/669 657/747/667 685/763/683
f 659/751/671 658/749/669 685/763/683
f 660/753/673 659/751/671 685/763/683
f 661/755/675 660/753/673 685/763/683
f 662/757/677 661/755/675 685/763/683
f 663/759/679 662/757/677 685/763/683
f 664/761/681 663/759/679 685/763/683
f 645/725/645 664/761/681 685/763/683
f 665/765/685 666/766/686 686/767/687
f 666/766/686 667/768/688 686/767/687
f 667/768/688 668/769/689 686/767/687
f 668/769/689 669/770/690 686/767/687
f 669/770/690 670/771/691 686/767/687
f 670/771/691 671/772/692 686/767/687
f 671/772/692 672/773/693 686/767/687
f 672/773/693 673/774/694 686/767/687
f 673/774/694 674/775/695 686/767/687
f 674/775/695 675/776/696 686/767/687
f 675/776/696 676/777/697 686/767/687
f 676/777/697 677/778/698 686/767/687
f 677/778/698 678/1186/699 686/767/687
f 678/1186/699 679/1185/700 686/767/687
f 679/1185/700 680/1184/701 686/767/687
f 680/1184/701 681/1183/702 686/767/687
f 681/1183/702 682/1180/703 686/767/687
f 682/1180/703 683/784/704 686/767/687
f 683/784/704 684/785/705 686/767/687
f 684/785/705 665/765/685 686/767/687
f 688/786/706 687/787/707 665/765/685 684/785/705
f 689/788/708 688/786/706 684/785/705 683/784/704
f 690/1178/709 689/788/708 683/784/704 682/1180/703
f 691/790/710 690/789/709 682/783/703 681/782/702
f 692/791/711 691/790/710 681/782/702 680/781/701
f 693/792/712 692/791/711 680/781/701 679/780/700
f 694/793/713 693/792/712 679/780/700 678/779/699
f 695/1177/714 694/793/713 678/779/699 677/1179/698
f 696/795/715 695/794/714 677/778/698 676/777/697
f 697/796/716 696/795/715 676/777/697 675/776/696
f 698/797/717 697/796/716 675/776/696 674/775/695
f 699/798/718 698/797/717 674/775/695 673/774/694
f 700/799/719 699/798/718 673/774/694 672/773/693
f 701/800/720 700/799/719 672/773/693 671/772/692
f 702/801/721 701/800/720 671/772/692 670/771/691
f 703/802/722 702/801/721 670/771/691 669/770/690
f 704/803/723 703/802/722 669/770/690 668/769/689
f 705/804/724 704/803/723 668/769/689 667/768/688
f 706/805/725 705/804/724 667/768/688 666/766/686
f 687/787/707 706/805/725 666/766/686 665/765/685
f 708/806/726 707/807/727 687/787/707 688/786/706
f 709/808/728 708/806/726 688/786/706 689/788/708
f 710/1176/729 709/808/728 689/788/708 690/1178/709
f 711/810/730 710/809/729 690/789/709 691/790/710
f 712/811/731 711/810/730 691/790/710 692/791/711
f 713/812/732 712/811/731 692/791/711 693/792/712
f 714/813/733 713/812/732 693/792/712 694/793/713
f 715/1175/734 714/813/733 694/793/713 695/1177/714
f 716/815/735 715/814/734 695/794/714 696/795/715
f 717/816/736 716/815/735 696/795/715 697/796/716
f 718/817/737 717/816/736 697/796/716 698/797/717
f 719/818/738 718/817/737 698/797/717 699/798/718
f 720/819/739 719/818/738 699/798/718 700/799/719
f 721/820/740 720/819/739 700/799/719 701/800/720
f 722/821/741 721/820/740 701/800/720 702/801/721
f 723/822/742 722/821/741 702/801/721 703/802/722
f 724/823/743 723/822/742 703/802/722 704/803/723
f 725/824/744 724/823/743 704/803/723 705/804/724
f 726/825/745 725/824/744 705/804/724 706/805/725
f 707/807/727 726/825/745 706/805/725 687/787/707
f 728/826/746 727/827/747 707/807/727 708/806/726
f 729/828/748 728/826/746 708/806/726 709/808/728
f 730/1174/749 729/828/748 709/808/728 710/1176/729
f 731/830/750 730/829/749 710/809/729 711/810/730
f 732/831/751 731/830/750 711/810/730 712/811/731
f 733/832/752 732/831/751 712/811/731 713/812/732
f 734/833/753 733/832/752 713/812/732 714/813/733
f 735/1173/754 734/833/753 714/813/733 715/1175/734
f 736/835/755 735/834/754 715/814/734 716/815/735
f 737/1158/756 736/835/755 716/815/735 717/816/736
f 739/837/757 738/838/758 719/818/738 720/819/739
f 740/839/759 739/837/757 720/819/739 721/820/740
f 741/840/760 740/839/759 721/820/740 722/821/741
f 742/841/761 741/840/760 722/821/741 723/822/742
f 743/842/762 742/841/761 723/822/742 724/823/743
f 744/843/763 743/842/762 724/823/743 725/824/744
f 745/844/764 744/843/763 725/824/744 726/825/745
f 727/827/747 745/844/764 726/825/745 707/807/727
f 747/845/765 746/846/766 727/827/747 728/826/746
f 748/847/767 747/845/765 728/826/746 729/828/748
f 749/1172/768 748/847/767 729/828/748 730/1174/749
f 750/849/769 749/848/768 730/829/749 731/830/750
f 751/850/770 750/849/769 731/830/750 732/831/751
f 752/851/771 751/850/770 732/831/751 733/832/752
f 753/852/772 752/851/771 733/832/752 734/833/753
f 754/1170/773 753/852/772 734/833/753 735/1173/754
f 755/854/774 754/853/773 735/834/754 736/835/755
f 756/855/775 755/854/774 736/835/755 737/1158/756
f 759/856/776 758/857/777 738/838/758 739/837/757
f 760/858/778 759/856/776 739/837/757 740/839/759
f 761/859/779 760/858/778 740/839/759 741/840/760
f 762/860/780 761/859/779 741/840/760 742/841/761
f 763/861/781 762/860/780 742/841/761 743/842/762
f 764/862/782 763/861/781 743/842/762 744/843/763
f 765/863/783 764/862/782 744/843/763 745/844/764
f 746/846/766 765/863/783 745/844/764 727/827/747
f 767/864/784 766/865/785 786/866/786 787/867/787
f 768/868/788 767/864/784 787/867/787 788/869/789
f 769/1168/790 768/868/788 788/869/789 789/1171/791
f 770/872/792 769/870/790 789/871/791 790/873/793
f 771/874/794 770/872/792 790/873/793 791/875/795
f 772/876/796 771/874/794 791/875/795 792/877/797
f 773/878/798 772/876/796 792/877/797 793/879/799
f 774/1167/800 773/878/798 793/879/799 794/1169/801
f 775/882/802 774/880/800 794/881/801 795/883/803
f 776/884/804 775/882/802 795/883/803 796/885/805
f 777/886/806 776/884/804 796/885/805 797/887/807
f 778/888/808 777/886/806 797/887/807 798/889/809
f 779/890/810 778/888/808 798/889/809 799/891/811
f 780/892/812 779/890/810 799/891/811 800/893/813
f 781/894/814 780/892/812 800/893/813 801/895/815
f 782/896/816 781/894/814 801/895/815 802/897/817
f 783/898/818 782/896/816 802/897/817 803/899/819
f 784/900/820 783/898/818 803/899/819 804/901/821
f 785/902/822 784/900/820 804/901/821 805/903/823
f 766/865/785 785/902/822 805/903/823 786/866/786
f 787/867/787 786/866/786 746/846/766 747/845/765
f 788/869/789 787/867/787 747/845/765 748/847/767
f 789/1171/791 788/869/789 748/847/767 749/1172/768
f 790/873/793 789/871/791 749/848/768 750/849/769
f 791/875/795 790/873/793 750/849/769 751/850/770
f 792/877/797 791/875/795 751/850/770 752/851/771
f 793/879/799 792/877/797 752/851/771 753/852/772
f 794/1169/801 793/879/799 753/852/772 754/1170/773
f 795/883/803 794/881/801 754/853/773 755/854/774
f 796/885/805 795/883/803 755/854/774 756/855/775
f 797/887/807 796/885/805 756/855/775 757/904/824
f 798/889/809 797/887/807 757/904/824 758/857/777
f 799/891/811 798/889/809 758/857/777 759/856/776
f 800/893/813 799/891/811 759/856/776 760/858/778
f 801/895/815 800/893/813 760/858/778 761/859/779
f 802/897/817 801/895/815 761/859/779 762/860/780
f 803/899/819 802/897/817 762/860/780 763/861/781
f 804/901/821 803/899/819 763/861/781 764/862/782
f 805/903/823 804/901/821 764/862/782 765/863/783
f 786/866/786 805/903/823 765/863/783 746/846/766
f 807/905/825 806/906/826 766/865/785 767/864/784
f 808/907/827 807/905/825 767/864/784 768/868/788
f 809/1166/828 808/907/827 768/868/788 769/1168/790
f 810/909/829 809/908/828 769/870/790 770/872/792
f 811/910/830 810/909/829 770/872/792 771/874/794
f 812/911/831 811/910/830 771/874/794 772/876/796
f 813/912/832 812/911/831 772/876/796 773/878/798
f 814/1165/833 813/912/832 773/878/798 774/1167/800
f 815/914/834 814/913/833 774/880/800 775/882/802
f 816/915/835 815/914/834 775/882/802 776/884/804
f 817/916/836 816/915/835 776/884/804 777/886/806
f 818/917/837 817/916/836 777/886/806 778/888/808
f 819/918/838 818/917/837 778/888/808 779/890/810
f 820/919/839 819/918/838 779/890/810 780/892/812
f 821/920/840 820/919/839 780/892/812 781/894/814
f 822/921/841 821/920/840 781/894/814 782/896/816
f 823/922/842 822/921/841 782/896/816 783/898/818
f 824/923/843 823/922/842 783/898/818 784/900/820
f 825/924/844 824/923/843 784/900/820 785/902/822
f 806/906/826 825/924/844 785/902/822 766/865/785
f 827/925/845 826/926/846 806/906/826 807/905/825
f 828/927/847 827/925/845 807/905/825 808/907/827
f 829/1162/848 828/927/847 808/907/827 809/1166/828
f 830/929/849 829/928/848 809/908/828 810/909/829
f 831/930/850 830/929/849 810/909/829 811/910/830
f 832/931/851 831/930/850 811/910/830 812/911/831
f 833/932/852 832/931/851 812/911/831 813/912/832
f 834/1160/853 833/932/852 813/912/832 814/1165/833
f 835/934/854 834/933/853 814/913/833 815/914/834
f 836/935/855 835/934/854 815/914/834 816/915/835
f 837/936/856 836/935/855 816/915/835 817/916/836
f 838/937/857 837/936/856 817/916/836 818/917/837
f 839/938/858 838/937/857 818/917/837 819/918/838
f 840/939/859 839/938/858 819/918/838 820/919/839
f 841/940/860 840/939/859 820/919/839 821/920/840
f 842/941/861 841/940/860 821/920/840 822/921/841
f 826/926/846 862/942/862 825/924/844 806/906/826
f 844/762/682 843/728/648 1003/943/863 1004/944/864
f 845/760/680 844/762/682 1004/944/864 1005/945/865
f 846/1164/678 845/760/680 1005/945/865 1006/1161/866
f 847/756/676 846/758/678 1006/946/866 1007/947/867
f 848/754/674 847/756/676 1007/947/867 1008/948/868
f 849/752/672 848/754/674 1008/948/868 1009/949/869
f 850/750/670 849/752/672 1009/949/869 1010/950/870
f 851/1163/668 850/750/670 1010/950/870 1011/1159/871
f 852/746/666 851/748/668 1011/951/871 1012/952/872
f 853/744/664 852/746/666 1012/952/872 1013/953/873
f 854/742/662 853/744/664 1013/953/873 1014/954/874
f 855/740/660 854/742/662 1014/954/874 1015/955/875
f 856/738/658 855/740/660 1015/955/875 1016/956/876
f 857/736/656 856/738/658 1016/956/876 1017/957/877
f 858/734/654 857/736/656 1017/957/877 1018/958/878
f 859/731/651 858/734/654 1018/958/878 1019/959/879
f 860/732/652 859/731/651 1019/959/879 1020/960/880
f 843/728/648 861/727/647 1035/961/881 1003/943/863
f 863/962/882 842/941/861 822/921/841 823/922/842
f 737/836/756 717/1157/736 866/1146/883 865/964/884
f 717/816/736 718/817/737 864/965/885 866/963/883
f 718/817/737 719/818/738 867/966/886 864/965/885
f 719/818/738 738/838/758 868/967/887 867/966/886
f 738/838/758 758/857/777 869/968/888 868/967/887
f 758/857/777 757/904/824 870/969/889 869/968/888
f 757/904/824 756/855/775 871/970/890 870/969/889
f 756/855/775 737/1158/756 865/1156/884 871/970/890
f 865/964/884 866/1146/883 891/1145/891 882/1155/892
f 882/1155/892 891/1145/891 892/1144/893 883/1154/894
f 883/1154/894 892/1144/893 893/1143/895 884/1153/896
f 884/1153/896 893/1143/895 894/1142/897 885/1152/898
f 885/1152/898 894/1142/897 895/1141/899 886/1151/900
f 886/1151/900 895/1141/899 896/1140/901 887/1150/902
f 887/1150/902 896/1140/901 897/1139/903 888/1149/904
f 888/1149/904 897/1139/903 898/1138/905 889/1148/906
f 889/1148/906 898/1138/905 899/1136/907 890/1147/908
f 890/1147/908 899/1136/907 881/1137/909
f 866/963/883 864/965/885 872/990/910 891/971/891
f 891/971/891 872/990/910 873/991/911 892/973/893
f 892/973/893 873/991/911 874/992/912 893/975/895
f 893/975/895 874/992/912 875/993/913 894/977/897
f 894/977/897 875/993/913 876/994/914 895/979/899
f 895/979/899 876/994/914 877/995/915 896/981/901
f 896/981/901 877/995/915 878/996/916 897/983/903
f 897/983/903 878/996/916 879/997/917 898/985/905
f 898/985/905 879/997/917 880/998/918 899/987/907
f 899/987/907 880/998/918 881/989/909
f 864/965/885 867/966/886 900/999/919 872/990/910
f 872/990/910 900/999/919 901/1000/920 873/991/911
f 873/991/911 901/1000/920 902/1001/921 874/992/912
f 874/992/912 902/1001/921 903/1002/922 875/993/913
f 875/993/913 903/1002/922 904/1003/923 876/994/914
f 876/994/914 904/1003/923 905/1004/924 877/995/915
f 877/995/915 905/1004/924 906/1005/925 878/996/916
f 878/996/916 906/1005/925 907/1006/926 879/997/917
f 879/997/917 907/1006/926 908/1007/927 880/998/918
f 880/998/918 908/1007/927 881/989/909
f 867/966/886 868/967/887 909/1008/928 900/999/919
f 900/999/919 909/1008/928 910/1009/929 901/1000/920
f 901/1000/920 910/1009/929 911/1010/930 902/1001/921
f 902/1001/921 911/1010/930 912/1011/931 903/1002/922
f 903/1002/922 912/1011/931 913/1012/932 904/1003/923
f 904/1003/923 913/1012/932 914/1013/933 905/1004/924
f 905/1004/924 914/1013/933 915/1014/934 906/1005/925
f 906/1005/925 915/1014/934 916/1015/935 907/1006/926
f 907/1006/926 916/1015/935 917/1016/936 908/1007/927
f 908/1007/927 917/1016/936 881/989/909
f 868/967/887 869/968/888 918/1017/937 909/1008/928
f 909/1008/928 918/1017/937 919/1018/938 910/1009/929
f 910/1009/929 919/1018/938 920/1019/939 911/1010/930
f 911/1010/930 920/1019/939 921/1020/940 912/1011/931
f 912/1011/931 921/1020/940 922/1021/941 913/1012/932
f 913/1012/932 922/1021/941 923/1022/942 914/1013/933
f 914/1013/933 923/1022/942 924/1023/943 915/1014/934
f 915/1014/934 924/1023/943 925/1024/944 916/1015/935
f 916/1015/935 925/1024/944 926/1025/945 917/1016/936
f 917/1016/936 926/1025/945 881/989/909
f 869/968/888 870/969/889 927/1026/946 918/1017/937
f 918/1017/937 927/1026/946 928/1027/947 919/1018/938
f 919/1018/938 928/1027/947 929/1028/948 920/1019/939
f 920/1019/939 929/1028/948 930/1029/949 921/1020/940
f 921/1020/940 930/1029/949 931/1030/950 922/1021/941
f 922/1021/941 931/1030/950 932/1031/951 923/1022/942
f 923/1022/942 932/1031/951 933/1032/952 924/1023/943
f 924/1023/943 933/1032/952 934/1033/953 925/1024/944
f 925/1024/944 934/1033/953 935/1034/954 926/1025/945
f 926/1025/945 935/1034/954 881/989/909
f 870/969/889 871/970/890 936/1035/955 927/1026/946
f 927/1026/946 936/1035/955 937/1036/956 928/1027/947
f 928/1027/947 937/1036/956 938/1037/957 929/1028/948
f 929/1028/948 938/1037/957 939/1038/958 930/1029/949
f 930/1029/949 939/1038/958 940/1039/959 931/1030/950
f 931/1030/950 940/1039/959 941/1040/960 932/1031/951
f 932/1031/951 941/1040/960 942/1041/961 933/1032/952
f 933/1032/952 942/1041/961 943/1042/962 934/1033/953
f 934/1033/953 943/1042/962 944/1043/963 935/1034/954
f 935/1034/954 944/1043/963 881/989/909
f 871/970/890 865/1156/884 882/972/892 936/1035/955
f 936/1035/955 882/972/892 883/974/894 937/1036/956
f 937/1036/956 883/974/894 884/976/896 938/1037/957
f 938/1037/957 884/976/896 885/978/898 939/1038/958
f 939/1038/958 885/978/898 886/980/900 940/1039/959
f 940/1039/959 886/980/900 887/982/902 941/1040/960
f 941/1040/960 887/982/902 888/984/904 942/1041/961
f 942/1041/961 888/984/904 889/986/906 943/1042/962
f 943/1042/962 889/986/906 890/988/908 944/1043/963
f 944/1043/963 890/988/908 881/989/909
f 824/923/843 945/1044/964 863/962/882 823/922/842
f 862/942/862 945/1044/964 824/923/843 825/924/844
f 860/732/652 1020/960/880 1021/1045/965 997/1046/966
f 863/962/882 945/1044/964 995/1047/967 996/1048/968
f 647/764/684 648/729/649 998/1049/969 999/1050/970
f 648/729/649 860/732/652 997/1046/966 998/1049/969
f 945/1044/964 862/942/862 1002/1051/971 995/1047/967
f 1034/1052/972 1035/961/881 861/727/647 1001/1053/973
f 861/727/647 646/726/646 1000/1054/974 1001/1053/973
f 646/726/646 647/764/684 999/1050/970 1000/1054/974
f 947/1055/975 946/1056/976 954/1057/977 955/1058/978
f 948/1059/979 1022/1060/980 1023/1061/981 956/1062/982
f 949/1063/983 948/1059/979 956/1062/982 957/1064/984
f 950/1065/985 949/1063/983 957/1064/984 958/1066/986
f 951/1067/987 950/1065/985 958/1066/986 959/1068/988
f 952/1069/989 951/1067/987 959/1068/988 960/1070/990
f 1032/1071/991 1033/1072/992 952/1069/989 960/1070/990
f 946/1056/976 953/1073/993 961/1074/994 954/1057/977
f 955/1058/978 954/1057/977 962/1075/995 963/1076/996
f 956/1062/982 1023/1061/981 1024/1077/997 964/1078/998
f 957/1064/984 956/1062/982 964/1078/998 965/1079/999
f 958/1066/986 957/1064/984 965/1079/999 966/1080/1000
f 959/1068/988 958/1066/986 966/1080/1000 967/1081/1001
f 960/1070/990 959/1068/988 967/1081/1001 968/1082/1002
f 1031/1083/1003 1032/1071/991 960/1070/990 968/1082/1002
f 954/1057/977 961/1074/994 969/1084/1004 962/1075/995
f 963/1076/996 962/1075/995 970/1085/1005 971/1086/1006
f 964/1078/998 1024/1077/997 1025/1087/1007 972/1088/1008
f 965/1079/999 964/1078/998 972/1088/1008 973/1089/1009
f 966/1080/1000 965/1079/999 973/1089/1009 974/1090/1010
f 967/1081/1001 966/1080/1000 974/1090/1010 975/1091/1011
f 968/1082/1002 967/1081/1001 975/1091/1011 976/1092/1012
f 1030/1093/1013 1031/1083/1003 968/1082/1002 976/1092/1012
f 962/1075/995 969/1084/1004 977/1094/1014 970/1085/1005
f 971/1086/1006 970/1085/1005 978/1095/1015 979/1096/1016
f 972/1088/1008 1025/1087/1007 1026/1097/1017 980/1098/1018
f 973/1089/1009 972/1088/1008 980/1098/1018 981/1099/1019
f 974/1090/1010 973/1089/1009 981/1099/1019 982/1100/1020
f 975/1091/1011 974/1090/1010 982/1100/1020 983/1101/1021
f 976/1092/1012 975/1091/1011 983/1101/1021 984/1102/1022
f 1029/1103/1023 1030/1093/1013 976/1092/1012 984/1102/1022
f 970/1085/1005 977/1094/1014 985/1104/1024 978/1095/1015
f 979/1096/1016 978/1095/1015 986/1105/1025 987/1106/1026
f 980/1098/1018 1026/1097/1017 1027/1107/1027 988/1108/1028
f 981/1099/1019 980/1098/1018 988/1108/1028 989/1109/1029
f 982/1100/1020 981/1099/1019 989/1109/1029 990/1110/1030
f 983/1101/1021 982/1100/1020 990/1110/1030 991/1111/1031
f 984/1102/1022 983/1101/1021 991/1111/1031 992/1112/1032
f 1028/1113/1033 1029/1103/1023 984/1102/1022 992/1112/1032
f 978/1095/1015 985/1104/1024 993/1114/1034 986/1105/1025
f 987/1106/1026 986/1105/1025 994/1115/1035
f 988/1108/1028 1027/1107/1027 994/1115/1035
f 989/1109/1029 988/1108/1028 994/1115/1035
f 990/1110/1030 989/1109/1029 994/1115/1035
f 991/1111/1031 990/1110/1030 994/1115/1035
f 992/1112/1032 991/1111/1031 994/1115/1035
f 994/1115/1035 1028/1113/1033 992/1112/1032
f 986/1105/1025 993/1114/1034 994/1115/1035
f 996/1048/968 995/1047/967 946/1056/976 947/1055/975
f 997/1046/966 1021/1045/965 1022/1060/980 948/1059/979
f 998/1049/969 997/1046/966 948/1059/979 949/1063/983
f 999/1050/970 998/1049/969 949/1063/983 950/1065/985
f 1000/1054/974 999/1050/970 950/1065/985 951/1067/987
f 1001/1053/973 1000/1054/974 951/1067/987 952/1069/989
f 1033/1072/992 1034/1052/972 1001/1053/973 952/1069/989
f 995/1047/967 1002/1051/971 953/1073/993 946/1056/976
f 1004/944/864 1003/943/863 826/926/846 827/925/845
f 1005/945/865 1004/944/864 827/925/845 828/927/847
f 1006/1161/866 1005/945/865 828/927/847 829/1162/848
f 1007/947/867 1006/946/866 829/928/848 830/929/849
f 1008/948/868 1007/947/867 830/929/849 831/930/850
f 1009/949/869 1008/948/868 831/930/850 832/931/851
f 1010/950/870 1009/949/869 832/931/851 833/932/852
f 1011/1159/871 1010/950/870 833/932/852 834/1160/853
f 1012/952/872 1011/951/871 834/933/853 835/934/854
f 1013/953/873 1012/952/872 835/934/854 836/935/855
f 1014/954/874 1013/953/873 836/935/855 837/936/856
f 1015/955/875 1014/954/874 837/936/856 838/937/857
f 1016/956/876 1015/955/875 838/937/857 839/938/858
f 1017/957/877 1016/956/876 839/938/858 840/939/859
f 1018/958/878 1017/957/877 840/939/859 841/940/860
f 1019/959/879 1018/958/878 841/940/860 842/941/861
f 1020/960/880 1019/959/879 842/941/861 863/962/882
f 1021/1045/965 1020/960/880 863/962/882 996/1048/968
f 1022/1060/980 1021/1045/965 996/1048/968 947/1055/975
f 1023/1061/981 1022/1060/980 947/1055/975 955/1058/978
f 1024/1077/997 1023/1061/981 955/1058/978 963/1076/996
f 1025/1087/1007 1024/1077/997 963/1076/996 971/1086/1006
f 1026/1097/1017 1025/1087/1007 971/1086/1006 979/1096/1016
f 1027/1107/1027 1026/1097/1017 979/1096/1016 987/1106/1026
f 994/1115/1035 1027/1107/1027 987/1106/1026
f 993/1114/1034 1028/1113/1033 994/1115/1035
f 985/1104/1024 1029/1103/1023 1028/1113/1033 993/1114/1034
f 977/1094/1014 1030/1093/1013 1029/1103/1023 985/1104/1024
f 969/1084/1004 1031/1083/1003 1030/1093/1013 977/1094/1014
f 961/1074/994 1032/1071/991 1031/1083/1003 969/1084/1004
f 953/1073/993 1033/1072/992 1032/1071/991 961/1074/994
f 1002/1051/971 1034/1052/972 1033/1072/992 953/1073/993
f 862/942/862 1035/961/881 1034/1052/972 1002/1051/971
f 1003/943/863 1035/961/881 862/942/862 826/926/846
